[{"w":"氏","h":"THỊ, CHI"},{"w":"統","h":"THỐNG"},{"w":"保","h":"BẢO"},{"w":"第","h":"ĐỆ"},{"w":"結","h":"KẾT"},{"w":"派","h":"PHÁI"},{"w":"案","h":"ÁN"},{"w":"策","h":"SÁCH"},{"w":"基","h":"CƠ"},{"w":"価","h":"GIÁ"},{"w":"提","h":"ĐỀ, THÌ, ĐỂ"},{"w":"挙","h":"CỬ"},{"w":"応","h":"ỨNG"},{"w":"企","h":"XÍ"},{"w":"検","h":"KIỂM"},{"w":"藤","h":"ĐẰNG"},{"w":"沢","h":"TRẠCH"},{"w":"裁","h":"TÀI"},{"w":"証","h":"CHỨNG"},{"w":"援","h":"VIÊN, VIỆN"},{"w":"施","h":"THI, THÍ, DỊ, THỈ"},{"w":"井","h":"TỈNH"},{"w":"護","h":"HỘ"},{"w":"展","h":"TRIỂN"},{"w":"態","h":"THÁI"},{"w":"鮮","h":"TIÊN, TIỂN"},{"w":"視","h":"THỊ"},{"w":"条","h":"ĐIỀU, THIÊU, ĐIÊU"},{"w":"幹","h":"CÁN, CAN"},{"w":"独","h":"ĐỘC"},{"w":"宮","h":"CUNG"},{"w":"率","h":"SUẤT, SÚY, LUẬT, SOÁT"},{"w":"衛","h":"VỆ"},{"w":"張","h":"TRƯƠNG, TRƯỚNG"},{"w":"監","h":"GIAM, GIÁM"},{"w":"環","h":"HOÀN"},{"w":"審","h":"THẨM"},{"w":"義","h":"NGHĨA"},{"w":"訴","h":"TỐ"},{"w":"株","h":"CHU, CHÂU"},{"w":"姿","h":"TƯ"},{"w":"閣","h":"CÁC"},{"w":"衆","h":"CHÚNG"},{"w":"評","h":"BÌNH"},{"w":"影","h":"ẢNH"},{"w":"松","h":"TÙNG"},{"w":"撃","h":"KÍCH"},{"w":"佐","h":"TÁ"},{"w":"核","h":"HẠCH"},{"w":"整","h":"CHỈNH"},{"w":"融","h":"DUNG, DONG"},{"w":"製","h":"CHẾ"},{"w":"票","h":"PHIẾU, TIÊU, PHIÊU"},{"w":"渉","h":"THIỆP"},{"w":"響","h":"HƯỞNG"},{"w":"推","h":"THÔI, SUY"},{"w":"請","h":"THỈNH, TÍNH"},{"w":"器","h":"KHÍ"},{"w":"士","h":"SĨ"},{"w":"討","h":"THẢO"},{"w":"攻","h":"CÔNG"},{"w":"崎","h":"KHI"},{"w":"督","h":"ĐỐC"},{"w":"授","h":"THỤ"},{"w":"催","h":"THÔI"},{"w":"及","h":"CẬP"},{"w":"憲","h":"HIẾN"},{"w":"離","h":"LI"},{"w":"激","h":"KÍCH"},{"w":"摘","h":"TRÍCH"},{"w":"系","h":"HỆ"},{"w":"批","h":"PHÊ"},{"w":"郎","h":"LANG"},{"w":"健","h":"KIỆN"},{"w":"盟","h":"MINH"},{"w":"従","h":"TÙNG"},{"w":"修","h":"TU"},{"w":"隊","h":"ĐỘI"},{"w":"織","h":"CHỨC, CHÍ, XÍ"},{"w":"拡","h":"KHUẾCH"},{"w":"故","h":"CỐ"},{"w":"振","h":"CHẤN, CHÂN"},{"w":"弁","h":"BIỆN, BIỀN, BÀN"},{"w":"就","h":"TỰU"},{"w":"異","h":"DỊ, DI"},{"w":"献","h":"HIẾN"},{"w":"厳","h":"NGHIÊM"},{"w":"維","h":"DUY"},{"w":"浜","h":"BANH"},{"w":"遺","h":"DI, DỊ"},{"w":"塁","h":"LŨY"},{"w":"邦","h":"BANG"},{"w":"素","h":"TỐ"},{"w":"遣","h":"KHIỂN, KHÁN"},{"w":"抗","h":"KHÁNG"},{"w":"模","h":"MÔ"},{"w":"雄","h":"HÙNG"},{"w":"益","h":"ÍCH"},{"w":"緊","h":"KHẨN"},{"w":"標","h":"TIÊU, PHIÊU"},{"w":"宣","h":"TUYÊN"},{"w":"昭","h":"CHIÊU"},{"w":"廃","h":"PHẾ"},{"w":"伊","h":"Y"},{"w":"江","h":"GIANG"},{"w":"僚","h":"LIÊU"},{"w":"吉","h":"CÁT"},{"w":"盛","h":"THỊNH, THÌNH"},{"w":"皇","h":"HOÀNG"},{"w":"臨","h":"LÂM, LẤM"},{"w":"踏","h":"ĐẠP"},{"w":"壊","h":"HOẠI"},{"w":"債","h":"TRÁI"},{"w":"興","h":"HƯNG, HỨNG"},{"w":"源","h":"NGUYÊN"},{"w":"儀","h":"NGHI"},{"w":"創","h":"SANG, SÁNG"},{"w":"障","h":"CHƯỚNG"},{"w":"継","h":"KẾ"},{"w":"筋","h":"CÂN"},{"w":"闘","h":"ĐẤU"},{"w":"葬","h":"TÁNG"},{"w":"避","h":"TỊ"},{"w":"司","h":"TI, TƯ"},{"w":"康","h":"KHANG, KHƯƠNG"},{"w":"善","h":"THIỆN, THIẾN"},{"w":"逮","h":"ĐÃI"},{"w":"迫","h":"BÁCH"},{"w":"惑","h":"HOẶC"},{"w":"崩","h":"BĂNG"},{"w":"紀","h":"KỈ"},{"w":"聴","h":"THÍNH"},{"w":"脱","h":"THOÁT, ĐOÁI"},{"w":"級","h":"CẤP"},{"w":"博","h":"BÁC"},{"w":"締","h":"ĐẾ"},{"w":"救","h":"CỨU"},{"w":"執","h":"CHẤP"},{"w":"房","h":"PHÒNG, BÀNG"},{"w":"撤","h":"TRIỆT"},{"w":"削","h":"TƯỚC"},{"w":"密","h":"MẬT"},{"w":"措","h":"THỐ, TRÁCH"},{"w":"志","h":"CHÍ"},{"w":"載","h":"TÁI, TẠI, TẢI"},{"w":"陣","h":"TRẬN"},{"w":"我","h":"NGÃ"},{"w":"為","h":"VI, VỊ"},{"w":"抑","h":"ỨC"},{"w":"幕","h":"MẠC, MỘ, MÁN"},{"w":"染","h":"NHIỄM"},{"w":"奈","h":"NẠI"},{"w":"傷","h":"THƯƠNG"},{"w":"択","h":"TRẠCH"},{"w":"秀","h":"TÚ"},{"w":"徴","h":"TRƯNG, CHỦY, TRỪNG"},{"w":"弾","h":"ĐÀN, ĐẠN"},{"w":"償","h":"THƯỜNG"},{"w":"功","h":"CÔNG"},{"w":"拠","h":"CỨ"},{"w":"秘","h":"BÍ"},{"w":"拒","h":"CỰ, CỦ"},{"w":"刑","h":"HÌNH"},{"w":"塚","h":"TRỦNG"},{"w":"致","h":"TRÍ"},{"w":"繰","h":"SÀO"},{"w":"尾","h":"VĨ"},{"w":"描","h":"MIÊU"},{"w":"鈴","h":"LINH"},{"w":"盤","h":"BÀN"},{"w":"項","h":"HẠNG"},{"w":"喪","h":"TANG, TÁNG"},{"w":"伴","h":"BẠN"},{"w":"養","h":"DƯỠNG, DƯỢNG"},{"w":"懸","h":"HUYỀN"},{"w":"街","h":"NHAI"},{"w":"契","h":"KHẾ, TIẾT, KHIẾT, KHẤT"},{"w":"掲","h":"YẾT"},{"w":"躍","h":"DƯỢC"},{"w":"棄","h":"KHÍ"},{"w":"邸","h":"ĐỂ"},{"w":"縮","h":"SÚC"},{"w":"還","h":"HOÀN, TOÀN"},{"w":"属","h":"CHÚC, THUỘC, CHÚ"},{"w":"慮","h":"LỰ, LƯ"},{"w":"枠","h":""},{"w":"恵","h":"HUỆ"},{"w":"露","h":"LỘ"},{"w":"沖","h":"TRÙNG, XUNG"},{"w":"緩","h":"HOÃN"},{"w":"節","h":"TIẾT, TIỆT"},{"w":"需","h":"NHU"},{"w":"射","h":"XẠ, DẠ, DỊCH"},{"w":"購","h":"CẤU"},{"w":"揮","h":"HUY"},{"w":"充","h":"SUNG"},{"w":"貢","h":"CỐNG"},{"w":"鹿","h":"LỘC"},{"w":"却","h":"KHƯỚC, TỨC"},{"w":"端","h":"ĐOAN"},{"w":"賃","h":"NHẪM"},{"w":"獲","h":"HOẠCH"},{"w":"郡","h":"QUẬN"},{"w":"併","h":"TINH"},{"w":"徹","h":"TRIỆT"},{"w":"貴","h":"QUÝ"},{"w":"衝","h":"XUNG"},{"w":"焦","h":"TIÊU, TIỀU"},{"w":"奪","h":"ĐOẠT"},{"w":"災","h":"TAI"},{"w":"浦","h":"PHỔ, PHỐ"},{"w":"析","h":"TÍCH"},{"w":"譲","h":"NHƯỢNG"},{"w":"称","h":"XƯNG, XỨNG"},{"w":"納","h":"NẠP"},{"w":"樹","h":"THỤ"},{"w":"挑","h":"THIÊU, THIỂU, THAO, KHIÊU"},{"w":"誘","h":"DỤ"},{"w":"紛","h":"PHÂN"},{"w":"至","h":"CHÍ"},{"w":"宗","h":"TÔNG"},{"w":"促","h":"XÚC"},{"w":"慎","h":"THẬN"},{"w":"控","h":"KHỐNG"},{"w":"智","h":"TRÍ"},{"w":"握","h":"ÁC"},{"w":"宙","h":"TRỤ"},{"w":"俊","h":"TUẤN"},{"w":"銭","h":"TIỀN"},{"w":"渋","h":"SÁP"},{"w":"銃","h":"SÚNG"},{"w":"操","h":"THAO, THÁO"},{"w":"携","h":"HUỀ"},{"w":"診","h":"CHẨN"},{"w":"託","h":"THÁC"},{"w":"撮","h":"TOÁT"},{"w":"誕","h":"ĐẢN"},{"w":"侵","h":"XÂM"},{"w":"括","h":"QUÁT, HOẠT"},{"w":"謝","h":"TẠ"},{"w":"駆","h":"KHU"},{"w":"透","h":"THẤU"},{"w":"津","h":"TÂN"},{"w":"壁","h":"BÍCH"},{"w":"稲","h":"ĐẠO"},{"w":"仮","h":"GIẢ"},{"w":"裂","h":"LIỆT"},{"w":"敏","h":"MẪN"},{"w":"是","h":"THỊ"},{"w":"排","h":"BÀI"},{"w":"裕","h":"DỤ"},{"w":"堅","h":"KIÊN"},{"w":"訳","h":"DỊCH"},{"w":"芝","h":"CHI"},{"w":"綱","h":"CƯƠNG"},{"w":"典","h":"ĐIỂN"},{"w":"賀","h":"HẠ"},{"w":"扱","h":"TRÁP, HẤP"},{"w":"顧","h":"CỐ"},{"w":"弘","h":"HOẰNG"},{"w":"看","h":"KHÁN, KHAN"},{"w":"訟","h":"TỤNG"},{"w":"戒","h":"GIỚI"},{"w":"祉","h":"CHỈ"},{"w":"誉","h":"DỰ"},{"w":"歓","h":"HOAN"},{"w":"奏","h":"TẤU"},{"w":"勧","h":"KHUYẾN"},{"w":"騒","h":"TAO"},{"w":"閥","h":"PHIỆT"},{"w":"甲","h":"GIÁP"},{"w":"縄","h":"THẰNG"},{"w":"郷","h":"HƯƠNG"},{"w":"揺","h":"DAO"},{"w":"免","h":"MIỄN, VẤN"},{"w":"既","h":"KÍ"},{"w":"薦","h":"TIẾN"},{"w":"隣","h":"LÂN"},{"w":"華","h":"HOA, HÓA"},{"w":"範","h":"PHẠM"},{"w":"隠","h":"ẨN"},{"w":"徳","h":"ĐỨC"},{"w":"哲","h":"TRIẾT"},{"w":"杉","h":"SAM"},{"w":"釈","h":"THÍCH"},{"w":"己","h":"KỈ"},{"w":"妥","h":"THỎA"},{"w":"威","h":"UY"},{"w":"豪","h":"HÀO"},{"w":"熊","h":"HÙNG"},{"w":"滞","h":"TRỆ"},{"w":"微","h":"VI"},{"w":"隆","h":"LONG"},{"w":"症","h":"CHỨNG"},{"w":"暫","h":"TẠM"},{"w":"忠","h":"TRUNG"},{"w":"倉","h":"THƯƠNG, THẢNG"},{"w":"彦","h":"NGẠN"},{"w":"肝","h":"CAN"},{"w":"喚","h":"HOÁN"},{"w":"沿","h":"DUYÊN"},{"w":"妙","h":"DIỆU"},{"w":"唱","h":"XƯỚNG"},{"w":"阿","h":"A, Á"},{"w":"索","h":"TÁC, SÁCH"},{"w":"誠","h":"THÀNH"},{"w":"襲","h":"TẬP"},{"w":"懇","h":"KHẨN"},{"w":"俳","h":"BÀI"},{"w":"柄","h":"BÍNH"},{"w":"驚","h":"KINH"},{"w":"麻","h":"MA"},{"w":"李","h":"LÍ"},{"w":"浩","h":"HẠO"},{"w":"剤","h":"TỄ"},{"w":"瀬","h":"LẠI"},{"w":"趣","h":"THÚ, XÚC"},{"w":"陥","h":"HÃM"},{"w":"斎","h":"TRAI"},{"w":"貫","h":"QUÁN"},{"w":"仙","h":"TIÊN"},{"w":"慰","h":"ÚY, ỦY"},{"w":"序","h":"TỰ"},{"w":"旬","h":"TUẦN, QUÂN"},{"w":"兼","h":"KIÊM"},{"w":"聖","h":"THÁNH"},{"w":"旨","h":"CHỈ"},{"w":"即","h":"TỨC"},{"w":"柳","h":"LIỄU"},{"w":"舎","h":"XÁ"},{"w":"偽","h":"NGỤY"},{"w":"較","h":"GIÁC, GIẾU, GIẢO"},{"w":"覇","h":"BÁ"},{"w":"詳","h":"TƯỜNG"},{"w":"抵","h":"ĐỂ, CHỈ"},{"w":"脅","h":"HIẾP"},{"w":"茂","h":"MẬU"},{"w":"犠","h":"HI"},{"w":"旗","h":"KÌ"},{"w":"距","h":"CỰ"},{"w":"雅","h":"NHÃ"},{"w":"飾","h":"SỨC"},{"w":"網","h":"VÕNG"},{"w":"竜","h":"LONG"},{"w":"詩","h":"THI"},{"w":"繁","h":"PHỒN, BÀN"},{"w":"翼","h":"DỰC"},{"w":"潟","h":"TÍCH"},{"w":"敵","h":"ĐỊCH"},{"w":"魅","h":"MỊ"},{"w":"嫌","h":"HIỀM"},{"w":"斉","h":"TỀ"},{"w":"敷","h":"PHU"},{"w":"擁","h":"ỦNG, UNG"},{"w":"圏","h":"QUYỂN, KHUYÊN"},{"w":"酸","h":"TOAN"},{"w":"罰","h":"PHẠT"},{"w":"滅","h":"DIỆT"},{"w":"礎","h":"SỞ"},{"w":"腐","h":"HỦ"},{"w":"脚","h":"CƯỚC"},{"w":"潮","h":"TRIỀU"},{"w":"梅","h":"MAI"},{"w":"尽","h":"TẪN, TẬN"},{"w":"僕","h":"PHÓ, BỘC"},{"w":"桜","h":"ANH"},{"w":"滑","h":"HOẠT, CỐT"},{"w":"孤","h":"CÔ"},{"w":"炎","h":"VIÊM, ĐÀM, DIỄM"},{"w":"賠","h":"BỒI"},{"w":"句","h":"CÚ, CÂU, CẤU"},{"w":"鋼","h":"CƯƠNG"},{"w":"頑","h":"NGOAN"},{"w":"鎖","h":"TỎA"},{"w":"彩","h":"THẢI, THÁI"},{"w":"摩","h":"MA"},{"w":"励","h":"LỆ"},{"w":"縦","h":"TÚNG"},{"w":"輝","h":"HUY"},{"w":"蓄","h":"SÚC"},{"w":"軸","h":"TRỤC"},{"w":"巡","h":"TUẦN"},{"w":"稼","h":"GIÁ"},{"w":"瞬","h":"THUẤN"},{"w":"砲","h":"PHÁO"},{"w":"噴","h":"PHÚN, PHÔN"},{"w":"誇","h":"KHOA, KHỎA"},{"w":"祥","h":"TƯỜNG"},{"w":"牲","h":"SINH"},{"w":"秩","h":"TRẬT"},{"w":"帝","h":"ĐẾ"},{"w":"宏","h":"HOÀNH"},{"w":"唆","h":"TOA"},{"w":"阻","h":"TRỞ"},{"w":"泰","h":"THÁI"},{"w":"賄","h":"HỐI"},{"w":"撲","h":"PHÁC, BẠC, PHỐC"},{"w":"堀","h":"QUẬT"},{"w":"菊","h":"CÚC"},{"w":"絞","h":"GIẢO, HÀO"},{"w":"縁","h":"DUYÊN"},{"w":"唯","h":"DUY, DỤY"},{"w":"膨","h":"BÀNH"},{"w":"矢","h":"THỈ"},{"w":"耐","h":"NẠI"},{"w":"塾","h":"THỤC"},{"w":"漏","h":"LẬU"},{"w":"慶","h":"KHÁNH, KHƯƠNG, KHANH"},{"w":"猛","h":"MÃNH"},{"w":"芳","h":"PHƯƠNG"},{"w":"懲","h":"TRỪNG"},{"w":"剣","h":"KIẾM"},{"w":"彰","h":"CHƯƠNG"},{"w":"棋","h":"KÌ, KÍ"},{"w":"丁","h":"ĐINH, CHÊNH, TRANH"},{"w":"恒","h":"HẰNG, CẮNG, CĂNG"},{"w":"揚","h":"DƯƠNG"},{"w":"冒","h":"MẠO, MẶC"},{"w":"之","h":"CHI"},{"w":"倫","h":"LUÂN"},{"w":"陳","h":"TRẦN, TRẬN"},{"w":"憶","h":"ỨC"},{"w":"潜","h":"TIỀM"},{"w":"梨","h":"LÊ"},{"w":"仁","h":"NHÂN"},{"w":"克","h":"KHẮC"},{"w":"岳","h":"NHẠC"},{"w":"概","h":"KHÁI"},{"w":"拘","h":"CÂU, CÙ"},{"w":"墓","h":"MỘ"},{"w":"黙","h":"MẶC"},{"w":"須","h":"TU"},{"w":"偏","h":"THIÊN"},{"w":"雰","h":"PHÂN"},{"w":"遇","h":"NGỘ"},{"w":"諮","h":"TI, TƯ"},{"w":"狭","h":"HIỆP"},{"w":"卓","h":"TRÁC"},{"w":"亀","h":"QUY, QUI"},{"w":"糧","h":"LƯƠNG"},{"w":"簿","h":"BỘ, BẠC"},{"w":"炉","h":"LÔ"},{"w":"牧","h":"MỤC"},{"w":"殊","h":"THÙ"},{"w":"殖","h":"THỰC"},{"w":"艦","h":"HẠM"},{"w":"輩","h":"BỐI"},{"w":"穴","h":"HUYỆT"},{"w":"奇","h":"KÌ, CƠ"},{"w":"慢","h":"MẠN"},{"w":"鶴","h":"HẠC"},{"w":"謀","h":"MƯU"},{"w":"暖","h":"NOÃN"},{"w":"昌","h":"XƯƠNG"},{"w":"拍","h":"PHÁCH"},{"w":"朗","h":"LÃNG"},{"w":"寛","h":"KHOAN"},{"w":"覆","h":"PHÚC, PHÚ"},{"w":"胞","h":"BÀO"},{"w":"泣","h":"KHẤP"},{"w":"隔","h":"CÁCH"},{"w":"浄","h":"TỊNH"},{"w":"没","h":"MỘT"},{"w":"暇","h":"HẠ"},{"w":"肺","h":"PHẾ"},{"w":"貞","h":"TRINH"},{"w":"靖","h":"TĨNH"},{"w":"鑑","h":"GIÁM"},{"w":"飼","h":"TỰ"},{"w":"陰","h":"ÂM"},{"w":"銘","h":"MINH"},{"w":"随","h":"TÙY"},{"w":"烈","h":"LIỆT"},{"w":"尋","h":"TẦM"},{"w":"稿","h":"CẢO"},{"w":"丹","h":"ĐAN"},{"w":"啓","h":"KHẢI"},{"w":"也","h":"DÃ"},{"w":"丘","h":"KHÂU, KHIÊU"},{"w":"棟","h":"ĐỐNG"},{"w":"壌","h":"NHƯỠNG"},{"w":"漫","h":"MẠN, MAN"},{"w":"玄","h":"HUYỀN"},{"w":"粘","h":"NIÊM"},{"w":"悟","h":"NGỘ"},{"w":"舗","h":"PHỐ"},{"w":"妊","h":"NHÂM"},{"w":"熟","h":"THỤC"},{"w":"旭","h":"HÚC"},{"w":"恩","h":"ÂN"},{"w":"騰","h":"ĐẰNG"},{"w":"往","h":"VÃNG"},{"w":"豆","h":"ĐẬU"},{"w":"遂","h":"TOẠI"},{"w":"狂","h":"CUỒNG"},{"w":"岐","h":"KÌ"},{"w":"陛","h":"BỆ"},{"w":"緯","h":"VĨ"},{"w":"培","h":"BỒI, BẬU"},{"w":"衰","h":"SUY, SÚY, THÔI"},{"w":"艇","h":"ĐĨNH"},{"w":"屈","h":"KHUẤT, QUẬT"},{"w":"径","h":"KÍNH"},{"w":"淡","h":"ĐẠM"},{"w":"抽","h":"TRỪU"},{"w":"披","h":"PHI, BIA"},{"w":"廷","h":"ĐÌNH"},{"w":"錦","h":"CẨM"},{"w":"准","h":"CHUẨN, CHUYẾT"},{"w":"暑","h":"THỬ"},{"w":"磯","h":"KI"},{"w":"奨","h":"TƯỞNG"},{"w":"浸","h":"TẨM"},{"w":"剰","h":"THẶNG"},{"w":"胆","h":"ĐẢM"},{"w":"繊","h":"TIÊM"},{"w":"駒","h":"CÂU"},{"w":"虚","h":"HƯ, KHƯ"},{"w":"霊","h":"LINH"},{"w":"帳","h":"TRƯỚNG"},{"w":"悔","h":"HỐI, HỔI"},{"w":"諭","h":"DỤ"},{"w":"惨","h":"THẢM"},{"w":"虐","h":"NGƯỢC"},{"w":"翻","h":"PHIÊN"},{"w":"墜","h":"TRỤY"},{"w":"沼","h":"CHIỂU"},{"w":"据","h":"CƯ, CỨ"},{"w":"肥","h":"PHÌ"},{"w":"徐","h":"TỪ"},{"w":"糖","h":"ĐƯỜNG"},{"w":"搭","h":"ĐÁP"},{"w":"盾","h":"THUẪN"},{"w":"脈","h":"MẠCH"},{"w":"滝","h":"LANG"},{"w":"軌","h":"QUỸ"},{"w":"俵","h":"BIỂU"},{"w":"妨","h":"PHƯƠNG, PHƯỚNG"},{"w":"擦","h":"SÁT"},{"w":"鯨","h":"KÌNH"},{"w":"荘","h":"TRANG"},{"w":"諾","h":"NẶC"},{"w":"雷","h":"LÔI"},{"w":"漂","h":"PHIÊU, PHIẾU"},{"w":"懐","h":"HOÀI "},{"w":"勘","h":"KHÁM"},{"w":"栽","h":"TÀI, TẢI"},{"w":"拐","h":"QUẢI"},{"w":"駄","h":"ĐÀ"},{"w":"添","h":"THIÊM"},{"w":"冠","h":"QUAN, QUÁN"},{"w":"斜","h":"TÀ, GIA"},{"w":"鏡","h":"KÍNH"},{"w":"聡","h":"THÔNG"},{"w":"浪","h":"LÃNG, LANG"},{"w":"亜","h":"Á"},{"w":"覧","h":"LÃM"},{"w":"詐","h":"TRÁ"},{"w":"壇","h":"ĐÀN"},{"w":"勲","h":"HUÂN"},{"w":"魔","h":"MA"},{"w":"酬","h":"THÙ"},{"w":"紫","h":"TỬ"},{"w":"曙","h":"THỰ"},{"w":"紋","h":"VĂN"},{"w":"卸","h":"TÁ"},{"w":"奮","h":"PHẤN"},{"w":"欄","h":"LAN"},{"w":"逸","h":"DẬT"},{"w":"涯","h":"NHAI"},{"w":"拓","h":"THÁC, THÁP"},{"w":"眼","h":"NHÃN"},{"w":"獄","h":"NGỤC"},{"w":"尚","h":"THƯỢNG"},{"w":"彫","h":"ĐIÊU"},{"w":"穏","h":"ỔN"},{"w":"顕","h":"HIỂN"},{"w":"巧","h":"XẢO"},{"w":"矛","h":"MÂU"},{"w":"垣","h":"VIÊN"},{"w":"欺","h":"KHI"},{"w":"釣","h":"ĐIẾU"},{"w":"萩","h":"THU"},{"w":"粛","h":"TÚC"},{"w":"栗","h":"LẬT"},{"w":"愚","h":"NGU"},{"w":"嘉","h":"GIA"},{"w":"遭","h":"TAO"},{"w":"架","h":"GIÁ"},{"w":"鬼","h":"QUỶ"},{"w":"庶","h":"THỨ"},{"w":"稚","h":"TRĨ"},{"w":"滋","h":"TƯ"},{"w":"幻","h":"HUYỄN, ẢO"},{"w":"煮","h":"CHỬ"},{"w":"姫","h":"CƠ"},{"w":"誓","h":"THỆ"},{"w":"把","h":"BẢ"},{"w":"践","h":"TIỄN"},{"w":"呈","h":"TRÌNH"},{"w":"疎","h":"SƠ"},{"w":"仰","h":"NGƯỠNG, NHẠNG"},{"w":"剛","h":"CƯƠNG"},{"w":"疾","h":"TẬT"},{"w":"征","h":"CHINH"},{"w":"砕","h":"TOÁI"},{"w":"謡","h":"DAO"},{"w":"嫁","h":"GIÁ"},{"w":"謙","h":"KHIÊM, KHIỆM"},{"w":"后","h":"HẬU, HẤU"},{"w":"嘆","h":"THÁN"},{"w":"菌","h":"KHUẨN"},{"w":"鎌","h":"LIÊM"},{"w":"巣","h":"SÀO"},{"w":"頻","h":"TẦN"},{"w":"琴","h":"CẦM"},{"w":"班","h":"BAN"},{"w":"棚","h":"BẰNG"},{"w":"潔","h":"KHIẾT"},{"w":"酷","h":"KHỐC"},{"w":"宰","h":"TỂ"},{"w":"廊","h":"LANG"},{"w":"寂","h":"TỊCH"},{"w":"辰","h":"THẦN, THÌN"},{"w":"霞","h":"HÀ"},{"w":"伏","h":"PHỤC"},{"w":"碁","h":"KÌ"},{"w":"俗","h":"TỤC"},{"w":"漠","h":"MẠC"},{"w":"邪","h":"TÀ, DA"},{"w":"晶","h":"TINH"},{"w":"墨","h":"MẶC"},{"w":"鎮","h":"TRẤN"},{"w":"洞","h":"ĐỖNG, ĐỘNG"},{"w":"履","h":"LÍ"},{"w":"劣","h":"LIỆT"},{"w":"那","h":"NA, NẢ"},{"w":"殴","h":"ẨU"},{"w":"娠","h":"THẦN"},{"w":"奉","h":"PHỤNG, BỔNG"},{"w":"憂","h":"ƯU"},{"w":"朴","h":"PHÁC, BỐC"},{"w":"亭","h":"ĐÌNH"},{"w":"淳","h":"THUẦN"},{"w":"怪","h":"QUÁI"},{"w":"鳩","h":"CƯU"},{"w":"酔","h":"TÚY"},{"w":"惜","h":"TÍCH"},{"w":"穫","h":"HOẠCH"},{"w":"佳","h":"GIAI"},{"w":"潤","h":"NHUẬN"},{"w":"悼","h":"ĐIỆU"},{"w":"乏","h":"PHẠP"},{"w":"該","h":"CAI"},{"w":"赴","h":"PHÓ"},{"w":"桑","h":"TANG"},{"w":"桂","h":"QUẾ"},{"w":"髄","h":"TỦY"},{"w":"虎","h":"HỔ"},{"w":"盆","h":"BỒN"},{"w":"晋","h":"TẤN"},{"w":"穂","h":"TUỆ"},{"w":"壮","h":"TRÁNG"},{"w":"堤","h":"ĐÊ"},{"w":"飢","h":"CƠ"},{"w":"傍","h":"BÀNG, BẠNG"},{"w":"疫","h":"DỊCH"},{"w":"累","h":"LUY, LŨY, LỤY"},{"w":"痴","h":"SI"},{"w":"搬","h":"BÀN, BAN"},{"w":"晃","h":"HOẢNG"},{"w":"癒","h":"DŨ"},{"w":"桐","h":"ĐỒNG"},{"w":"寸","h":"THỐN"},{"w":"郭","h":"QUÁCH"},{"w":"尿","h":"NIỆU"},{"w":"凶","h":"HUNG"},{"w":"吐","h":"THỔ"},{"w":"宴","h":"YẾN"},{"w":"鷹","h":"ƯNG"},{"w":"賓","h":"TÂN, THẤN"},{"w":"虜","h":"LỖ"},{"w":"陶","h":"ĐÀO, DAO"},{"w":"鐘","h":"CHUNG"},{"w":"憾","h":"HÁM"},{"w":"猪","h":"TRƯ"},{"w":"紘","h":"HOÀNH"},{"w":"磁","h":"TỪ"},{"w":"弥","h":"DI"},{"w":"昆","h":"CÔN"},{"w":"粗","h":"THÔ"},{"w":"訂","h":"ĐÍNH"},{"w":"芽","h":"NHA"},{"w":"庄","h":"TRANG"},{"w":"傘","h":"TÁN, TẢN"},{"w":"敦","h":"ĐÔN, ĐÔI, ĐỐI, ĐỘN"},{"w":"騎","h":"KỊ"},{"w":"寧","h":"NINH, TRỮ"},{"w":"循","h":"TUẦN"},{"w":"忍","h":"NHẪN"},{"w":"怠","h":"ĐÃI"},{"w":"如","h":"NHƯ"},{"w":"寮","h":"LIÊU"},{"w":"祐","h":"HỮU"},{"w":"鵬","h":"BẰNG"},{"w":"鉛","h":"DUYÊN, DIÊN"},{"w":"珠","h":"CHÂU"},{"w":"凝","h":"NGƯNG"},{"w":"苗","h":"MIÊU"},{"w":"獣","h":"THÚ"},{"w":"哀","h":"AI"},{"w":"跳","h":"KHIÊU"},{"w":"匠","h":"TƯỢNG"},{"w":"垂","h":"THÙY"},{"w":"蛇","h":"XÀ, DI"},{"w":"澄","h":"TRỪNG"},{"w":"縫","h":"PHÙNG, PHÚNG"},{"w":"僧","h":"TĂNG"},{"w":"眺","h":"THIẾU"},{"w":"亘","h":"TUYÊN, HOÀN"},{"w":"呉","h":"NGÔ"},{"w":"凡","h":"PHÀM"},{"w":"憩","h":"KHẾ"},{"w":"媛","h":"VIỆN, VIÊN"},{"w":"溝","h":"CÂU"},{"w":"恭","h":"CUNG"},{"w":"刈","h":"NGẢI"},{"w":"睡","h":"THỤY"},{"w":"錯","h":"THÁC, THỐ"},{"w":"伯","h":"BÁ"},{"w":"笹","h":""},{"w":"穀","h":"CỐC, LỘC, DỤC"},{"w":"陵","h":"LĂNG"},{"w":"霧","h":"VỤ"},{"w":"魂","h":"HỒN"},{"w":"弊","h":"TỆ, TẾ"},{"w":"妃","h":"PHI"},{"w":"舶","h":"BẠC"},{"w":"餓","h":"NGẠ"},{"w":"窮","h":"CÙNG"},{"w":"掌","h":"CHƯỞNG"},{"w":"麗","h":"LỆ, LI"},{"w":"綾","h":"LĂNG"},{"w":"臭","h":"XÚ, KHỨU"},{"w":"悦","h":"DUYỆT"},{"w":"刃","h":"NHẬN"},{"w":"縛","h":"PHƯỢC, PHỌC"},{"w":"暦","h":"LỊCH"},{"w":"宜","h":"NGHI"},{"w":"盲","h":"MANH"},{"w":"粋","h":"TÚY"},{"w":"辱","h":"NHỤC"},{"w":"毅","h":"NGHỊ"},{"w":"轄","h":"HẠT"},{"w":"猿","h":"VIÊN"},{"w":"弦","h":"HUYỀN"},{"w":"稔","h":"NHẪM, NẪM"},{"w":"窒","h":"TRẤT"},{"w":"炊","h":"XUY, XÚY"},{"w":"洪","h":"HỒNG"},{"w":"摂","h":"NHIẾP"},{"w":"飽","h":"BÃO"},{"w":"冗","h":"NHŨNG"},{"w":"桃","h":"ĐÀO"},{"w":"狩","h":"THÚ"},{"w":"朱","h":"CHU"},{"w":"渦","h":"QUA, OA"},{"w":"紳","h":"THÂN"},{"w":"枢","h":"XU"},{"w":"碑","h":"BI"},{"w":"鍛","h":"ĐOÁN"},{"w":"刀","h":"ĐAO"},{"w":"鼓","h":"CỔ"},{"w":"裸","h":"LỎA, KHỎA"},{"w":"猶","h":"DO, DỨU"},{"w":"塊","h":"KHỐI"},{"w":"旋","h":"TOÀN"},{"w":"弓","h":"CUNG"},{"w":"幣","h":"TỆ"},{"w":"膜","h":"MÔ, MẠC"},{"w":"扇","h":"PHIẾN, THIÊN"},{"w":"腸","h":"TRÀNG, TRƯỜNG"},{"w":"槽","h":"TÀO"},{"w":"慈","h":"TỪ"},{"w":"楊","h":"DƯƠNG"},{"w":"伐","h":"PHẠT"},{"w":"駿","h":"TUẤN"},{"w":"漬","h":"TÍ"},{"w":"糾","h":"CỦ, KIỂU"},{"w":"亮","h":"LƯỢNG"},{"w":"墳","h":"PHẦN, PHẪN, BỔN"},{"w":"坪","h":"BÌNH"},{"w":"紺","h":"CÁM"},{"w":"娯","h":"NGU"},{"w":"椿","h":"XUÂN, THUNG"},{"w":"舌","h":"THIỆT"},{"w":"羅","h":"LA"},{"w":"峡","h":"HẠP, GIÁP"},{"w":"俸","h":"BỔNG"},{"w":"厘","h":"LI, HI"},{"w":"峰","h":"PHONG"},{"w":"圭","h":"KHUÊ"},{"w":"醸","h":"NHƯỠNG"},{"w":"蓮","h":"LIÊN"},{"w":"弔","h":"ĐIẾU, ĐÍCH"},{"w":"乙","h":"ẤT"},{"w":"汁","h":"TRẤP, HIỆP"},{"w":"尼","h":"NI, NỆ, NẶC, NẬT"},{"w":"遍","h":"BIẾN"},{"w":"衡","h":"HÀNH, HOÀNH"},{"w":"薫","h":"HUÂN"},{"w":"猟","h":"LIỆP"},{"w":"羊","h":"DƯƠNG"},{"w":"款","h":"KHOẢN"},{"w":"閲","h":"DUYỆT"},{"w":"偵","h":"TRINH"},{"w":"喝","h":"HÁT, ỚI"},{"w":"敢","h":"CẢM"},{"w":"胎","h":"THAI"},{"w":"酵","h":"DIẾU"},{"w":"憤","h":"PHẪN, PHẤN"},{"w":"豚","h":"ĐỒN, ĐỘN"},{"w":"遮","h":"GIÀ"},{"w":"扉","h":"PHI"},{"w":"硫","h":"LƯU"},{"w":"赦","h":"XÁ"},{"w":"窃","h":"THIẾT"},{"w":"泡","h":"PHAO, BÀO"},{"w":"瑞","h":"THỤY"},{"w":"又","h":"HỰU"},{"w":"慨","h":"KHÁI"},{"w":"紡","h":"PHƯỞNG"},{"w":"恨","h":"HẬN"},{"w":"肪","h":"PHƯƠNG"},{"w":"扶","h":"PHÙ"},{"w":"戯","h":"HÍ"},{"w":"伍","h":"NGŨ"},{"w":"忌","h":"KỊ, KÍ"},{"w":"濁","h":"TRỌC, TRẠC"},{"w":"奔","h":"BÔN"},{"w":"斗","h":"ĐẤU, ĐẨU"},{"w":"蘭","h":"LAN"},{"w":"迅","h":"TẤN"},{"w":"肖","h":"TIẾU, TIÊU"},{"w":"鉢","h":"BÁT"},{"w":"朽","h":"HỦ"},{"w":"殻","h":"XÁC"},{"w":"享","h":"HƯỞNG"},{"w":"秦","h":"TẦN"},{"w":"茅","h":"MAO"},{"w":"藩","h":"PHIÊN, PHAN"},{"w":"沙","h":"SA, SÁ"},{"w":"輔","h":"PHỤ"},{"w":"媒","h":"MÔI"},{"w":"鶏","h":"KÊ"},{"w":"禅","h":"THIỆN, THIỀN"},{"w":"嘱","h":"CHÚC"},{"w":"胴","h":"ĐỖNG"},{"w":"迭","h":"ĐIỆT"},{"w":"挿","h":"SÁP"},{"w":"嵐","h":"LAM"},{"w":"椎","h":"CHUY, CHÙY"},{"w":"絹","h":"QUYÊN"},{"w":"陪","h":"BỒI"},{"w":"剖","h":"PHẨU, PHẪU"},{"w":"譜","h":"PHỔ, PHẢ"},{"w":"郁","h":"ÚC, UẤT"},{"w":"悠","h":"DU"},{"w":"淑","h":"THỤC"},{"w":"帆","h":"PHÀM, PHÂM"},{"w":"暁","h":" HIỂU"},{"w":"傑","h":"KIỆT"},{"w":"楠","h":"NAM"},{"w":"笛","h":"ĐỊCH"},{"w":"玲","h":"LINH"},{"w":"奴","h":"NÔ"},{"w":"錠","h":"ĐĨNH"},{"w":"拳","h":"QUYỀN"},{"w":"翔","h":"TƯỜNG"},{"w":"遷","h":"THIÊN"},{"w":"拙","h":"CHUYẾT"},{"w":"侍","h":"THỊ"},{"w":"尺","h":"XÍCH"},{"w":"峠","h":"(ĐÈO)"},{"w":"篤","h":"ĐỐC"},{"w":"肇","h":"TRIỆU"},{"w":"渇","h":"KHÁT"},{"w":"叔","h":"THÚC"},{"w":"雌","h":"THƯ"},{"w":"亨","h":"HANH, HƯỞNG, PHANH"},{"w":"堪","h":"KHAM"},{"w":"叙","h":"TỰ"},{"w":"酢","h":"TẠC"},{"w":"吟","h":"NGÂM"},{"w":"逓","h":"ĐỆ"},{"w":"嶺","h":"LĨNH"},{"w":"甚","h":"THẬM"},{"w":"喬","h":"KIỀU"},{"w":"崇","h":"SÙNG"},{"w":"漆","h":"TẤT, THẾ"},{"w":"岬","h":"GIÁP"},{"w":"癖","h":"PHÍCH, TÍCH"},{"w":"愉","h":"DU, THÂU"},{"w":"寅","h":"DẦN"},{"w":"礁","h":"TIỀU"},{"w":"乃","h":"NÃI, ÁI"},{"w":"洲","h":"CHÂU"},{"w":"屯","h":"TRUÂN, ĐỒN"},{"w":"樺","h":"HOA"},{"w":"槙","h":"ĐIÊN"},{"w":"姻","h":"NHÂN"},{"w":"巌","h":"NHAM"},{"w":"擬","h":"NGHĨ"},{"w":"塀","h":"BIÊN"},{"w":"唇","h":"THẦN"},{"w":"睦","h":"MỤC"},{"w":"閑","h":"NHÀN"},{"w":"胡","h":"HỒ"},{"w":"幽","h":"U"},{"w":"峻","h":"TUẤN"},{"w":"曹","h":"TÀO"},{"w":"詠","h":"VỊNH"},{"w":"卑","h":"TI"},{"w":"侮","h":"VŨ"},{"w":"鋳","h":"CHÚ"},{"w":"抹","h":"MẠT"},{"w":"尉","h":"ÚY, UẤT"},{"w":"槻","h":""},{"w":"隷","h":"LỆ"},{"w":"禍","h":"HỌA"},{"w":"蝶","h":"ĐIỆP"},{"w":"酪","h":"LẠC"},{"w":"茎","h":"HÀNH"},{"w":"帥","h":"SUẤT, SÚY"},{"w":"逝","h":"THỆ"},{"w":"汽","h":"KHÍ"},{"w":"琢","h":"TRÁC"},{"w":"匿","h":"NẶC"},{"w":"襟","h":"KHÂM"},{"w":"蛍","h":"HUỲNH"},{"w":"蕉","h":"TIÊU"},{"w":"寡","h":"QUẢ"},{"w":"琉","h":"LƯU"},{"w":"痢","h":"LỊ"},{"w":"庸","h":"DONG, DUNG"},{"w":"朋","h":"BẰNG"},{"w":"坑","h":"KHANH"},{"w":"藍","h":"LAM"},{"w":"賊","h":"TẶC"},{"w":"搾","h":"TRÁ"},{"w":"畔","h":"BẠN"},{"w":"遼","h":"LIÊU"},{"w":"唄","h":"BÁI, BỐI"},{"w":"孔","h":"KHỔNG"},{"w":"橘","h":"QUẤT"},{"w":"漱","h":"SẤU, THẤU"},{"w":"呂","h":"LỮ, LÃ"},{"w":"拷","h":"KHẢO"},{"w":"嬢","h":"NƯƠNG"},{"w":"苑","h":"UYỂN, UẤT, UẨN"},{"w":"巽","h":"TỐN"},{"w":"杜","h":"ĐỖ"},{"w":"渓","h":"KHÊ"},{"w":"翁","h":"ÔNG"},{"w":"廉","h":"LIÊM"},{"w":"謹","h":"CẨN"},{"w":"瞳","h":"ĐỒNG"},{"w":"湧","h":"DŨNG"},{"w":"欣","h":"HÂN"},{"w":"窯","h":"DIÊU"},{"w":"褒","h":"BAO"},{"w":"醜","h":"XÚ, SỬU"},{"w":"升","h":"THĂNG"},{"w":"殉","h":"TUẪN"},{"w":"煩","h":"PHIỀN"},{"w":"巴","h":"BA"},{"w":"禎","h":"TRINH"},{"w":"劾","h":"HẶC"},{"w":"堕","h":"ĐỌA, HUY"},{"w":"租","h":"TÔ"},{"w":"稜","h":"LĂNG, LẮNG"},{"w":"桟","h":"SẠN"},{"w":"倭","h":"UY, OA, NỤY"},{"w":"婿","h":"TẾ"},{"w":"慕","h":"MỘ"},{"w":"斐","h":"PHỈ"},{"w":"罷","h":"BÃI, BÌ"},{"w":"矯","h":"KIỂU"},{"w":"某","h":"MỖ"},{"w":"囚","h":"TÙ"},{"w":"魁","h":"KHÔI"},{"w":"虹","h":"HỒNG"},{"w":"鴻","h":"HỒNG"},{"w":"泌","h":"BÍ"},{"w":"於","h":"VU, HU, Ư, Ô"},{"w":"赳","h":"CỦ"},{"w":"漸","h":"TIỆM, TIÊM, TIỀM"},{"w":"蚊","h":"VĂN"},{"w":"葵","h":"QUỲ"},{"w":"厄","h":"ÁCH, NGỎA"},{"w":"藻","h":"TẢO"},{"w":"禄","h":"LỘC"},{"w":"孟","h":"MẠNH, MÃNG"},{"w":"嫡","h":"ĐÍCH"},{"w":"尭","h":"NGHIÊU"},{"w":"嚇","h":"HÁCH"},{"w":"巳","h":"TỊ"},{"w":"凸","h":"ĐỘT"},{"w":"暢","h":"SƯỚNG"},{"w":"韻","h":"VẬN"},{"w":"霜","h":"SƯƠNG"},{"w":"硝","h":"TIÊU"},{"w":"勅","h":"SẮC"},{"w":"芹","h":"CẦN"},{"w":"杏","h":"HẠNH"},{"w":"棺","h":"QUAN, QUÁN"},{"w":"儒","h":"NHO"},{"w":"鳳","h":"PHƯỢNG"},{"w":"馨","h":"HINH, HẤN"},{"w":"慧","h":"TUỆ, HUỆ"},{"w":"愁","h":"SẦU"},{"w":"楼","h":"LÂU"},{"w":"彬","h":"BÂN"},{"w":"匡","h":"KHUÔNG"},{"w":"眉","h":"MI"},{"w":"欽","h":"KHÂM"},{"w":"薪","h":"TÂN"},{"w":"褐","h":"HẠT, CÁT"},{"w":"賜","h":"TỨ"},{"w":"嵯","h":"THA"},{"w":"綜","h":"TỐNG, TÔNG"},{"w":"繕","h":"THIỆN"},{"w":"栓","h":"XUYÊN"},{"w":"翠","h":"THÚY"},{"w":"鮎","h":"NIÊM"},{"w":"榛","h":"TRĂN"},{"w":"凹","h":"AO"},{"w":"艶","h":"DIỄM"},{"w":"惣","h":"VẬT"},{"w":"蔦","h":"ĐIỂU"},{"w":"錬","h":"LUYỆN"},{"w":"隼","h":"CHUẨN"},{"w":"渚","h":"CHỬ"},{"w":"衷","h":"TRUNG, TRÚNG"},{"w":"逐","h":"TRỤC"},{"w":"斥","h":"XÍCH"},{"w":"稀","h":"HI"},{"w":"芙","h":"PHÙ"},{"w":"詔","h":"CHIẾU"},{"w":"皐","h":"CAO"},{"w":"雛","h":"SỒ"},{"w":"惟","h":"DUY"},{"w":"佑","h":"HỮU"},{"w":"耀","h":"DIỆU"},{"w":"黛","h":"ĐẠI"},{"w":"渥","h":"ÁC"},{"w":"憧","h":"SUNG, TRÁNG"},{"w":"宵","h":"TIÊU"},{"w":"妄","h":"VỌNG"},{"w":"惇","h":"ĐÔN"},{"w":"脩","h":"TU"},{"w":"甫","h":"PHỦ"},{"w":"酌","h":"CHƯỚC"},{"w":"蚕","h":"TÀM"},{"w":"嬉","h":"HI"},{"w":"蒼","h":"THƯƠNG, THƯỞNG"},{"w":"暉","h":"HUY"},{"w":"頒","h":"BAN, PHÂN"},{"w":"只","h":"CHÍCH, CHỈ"},{"w":"肢","h":"CHI"},{"w":"檀","h":"ĐÀN"},{"w":"凱","h":"KHẢI"},{"w":"彗","h":"TUỆ"},{"w":"謄","h":"ĐẰNG"},{"w":"梓","h":"TỬ"},{"w":"丑","h":"SỬU, XÚ"},{"w":"嗣","h":"TỰ"},{"w":"叶","h":"DIỆP, DIẾP, HIỆP"},{"w":"汐","h":"TỊCH"},{"w":"絢","h":"HUYẾN"},{"w":"朔","h":"SÓC"},{"w":"伽","h":"GIÀ"},{"w":"畝","h":"MẪU"},{"w":"抄","h":"SAO"},{"w":"爽","h":"SẢNG"},{"w":"黎","h":"LÊ"},{"w":"惰","h":"NỌA"},{"w":"蛮","h":"MAN"},{"w":"冴","h":"NGÀ"},{"w":"旺","h":"VƯỢNG"},{"w":"萌","h":"MANH"},{"w":"偲","h":"TI, TAI"},{"w":"壱","h":"NHẤT"},{"w":"瑠","h":"LƯU"},{"w":"允","h":"DUẪN, DOÃN"},{"w":"侯","h":"HẦU"},{"w":"蒔","h":"THÌ, THI"},{"w":"鯉","h":"LÍ"},{"w":"弧","h":"HỒ, O"},{"w":"遥","h":"DIÊU, DAO"},{"w":"舜","h":"THUẤN"},{"w":"瑛","h":"ANH"},{"w":"附","h":"PHỤ"},{"w":"彪","h":"BƯU"},{"w":"卯","h":"MÃO, MẸO"},{"w":"但","h":"ĐÃN"},{"w":"綺","h":"KHỈ, Ỷ"},{"w":"芋","h":"DỤ, HU, VU"},{"w":"茜","h":"THIẾN"},{"w":"凌","h":"LĂNG"},{"w":"皓","h":"HẠO"},{"w":"洸","h":"QUANG"},{"w":"毬","h":"CẦU"},{"w":"婆","h":"BÀ"},{"w":"緋","h":"PHI"},{"w":"鯛","h":"ĐIÊU"},{"w":"怜","h":"LIÊN, LÂN"},{"w":"邑","h":"ẤP"},{"w":"倣","h":"PHỎNG"},{"w":"碧","h":"BÍCH"},{"w":"啄","h":"TRÁC"},{"w":"穣","h":"NHƯƠNG"},{"w":"酉","h":"DẬU"},{"w":"悌","h":"ĐỄ"},{"w":"倹","h":"KIỆM"},{"w":"柚","h":"DỮU, TRỤC"},{"w":"繭","h":"KIỂN"},{"w":"亦","h":"DIỆC"},{"w":"詢","h":"TUÂN"},{"w":"采","h":"THẢI, THÁI"},{"w":"紗","h":"SA"},{"w":"賦","h":"PHÚ"},{"w":"眸","h":"MÂU"},{"w":"玖","h":"CỬU"},{"w":"弐","h":"NHỊ"},{"w":"錘","h":"CHUY, CHÙY"},{"w":"諄","h":"TRUÂN"},{"w":"倖","h":"HÃNH"},{"w":"痘","h":"ĐẬU"},{"w":"笙","h":"SANH"},{"w":"侃","h":"KHẢN"},{"w":"裟","h":"SA"},{"w":"洵","h":"TUÂN"},{"w":"爾","h":"NHĨ"},{"w":"耗","h":"HÁO, MẠO, MAO, HAO"},{"w":"昴","h":"MÃO"},{"w":"銑","h":"TIỂN"},{"w":"莞","h":"HOÀN, HOẢN"},{"w":"伶","h":"LINH"},{"w":"碩","h":"THẠC"},{"w":"宥","h":"HỰU"},{"w":"滉","h":""},{"w":"晏","h":"YẾN"},{"w":"伎","h":"KĨ"},{"w":"朕","h":"TRẪM"},{"w":"迪","h":"ĐỊCH"},{"w":"綸","h":"LUÂN"},{"w":"且","h":"THẢ, THƯ"},{"w":"竣","h":"THUÂN, THUYÊN"},{"w":"晨","h":"THẦN"},{"w":"吏","h":"LẠI"},{"w":"燦","h":"XÁN"},{"w":"麿","h":"MA"},{"w":"頌","h":"TỤNG"},{"w":"箇","h":"CÁ"},{"w":"楓","h":"PHONG"},{"w":"琳","h":"LÂM"},{"w":"梧","h":"NGÔ, NGỘ"},{"w":"哉","h":"TAI"},{"w":"澪","h":""},{"w":"匁","h":"CHỈ"},{"w":"晟","h":"THỊNH, THẠNH"},{"w":"衿","h":"CÂM"},{"w":"凪","h":""},{"w":"梢","h":"SAO, TIÊU"},{"w":"丙","h":"BÍNH"},{"w":"颯","h":"TÁP"},{"w":"茄","h":"GIA"},{"w":"勺","h":"CHƯỚC, THƯỢC"},{"w":"恕","h":"THỨ"},{"w":"蕗","h":"LỘ"},{"w":"瑚","h":"HÔ, HỒ"},{"w":"遵","h":"TUÂN"},{"w":"瞭","h":"LIỆU"},{"w":"燎","h":"LIỆU"},{"w":"虞","h":"NGU"},{"w":"柊","h":"ĐÔNG"},{"w":"侑","h":"HỰU"},{"w":"謁","h":"YẾT"},{"w":"斤","h":"CÂN, CẤN"},{"w":"嵩","h":"TUNG"},{"w":"捺","h":"NẠI"},{"w":"蓉","h":"DONG, DUNG"},{"w":"茉","h":"MẠT"},{"w":"袈","h":"CA"},{"w":"燿","h":"DIỆU"},{"w":"誼","h":"NGHỊ"},{"w":"冶","h":"DÃ"},{"w":"栞","h":"SAN"},{"w":"墾","h":"KHẨN"},{"w":"勁","h":"KÍNH"},{"w":"菖","h":"XƯƠNG"},{"w":"旦","h":"ĐÁN"},{"w":"椋","h":""},{"w":"叡","h":"DUỆ"},{"w":"紬","h":"TRỪU"},{"w":"胤","h":"DẬN"},{"w":"凜","h":"LẪM"},{"w":"亥","h":"HỢI"},{"w":"爵","h":"TƯỚC"},{"w":"脹","h":"TRƯỚNG"},{"w":"麟","h":"LÂN"},{"w":"莉","h":"LỊ"},{"w":"汰","h":"THÁI, THẢI"},{"w":"瑶","h":"DAO"},{"w":"瑳","h":""},{"w":"耶","h":"DA, GIA"},{"w":"椰","h":"GIA"},{"w":"絃","h":"HUYỀN"},{"w":"丞","h":"THỪA, CHƯNG"},{"w":"璃","h":"LI"},{"w":"奎","h":"KHUÊ"},{"w":"塑","h":"TỐ"},{"w":"昂","h":"NGANG"},{"w":"柾","h":""},{"w":"熙","h":"HI"},{"w":"菫","h":"CẬN"},{"w":"諒","h":"LƯỢNG"},{"w":"鞠","h":"CÚC"},{"w":"崚","h":"LĂNG"},{"w":"濫","h":"LẠM, LÃM, CÃM"},{"w":"捷","h":"TIỆP, THIỆP"},{"w":"党","h":"ĐẢNG"},{"w":"協","h":"HIỆP"},{"w":"総","h":"TỔNG"},{"w":"区","h":"KHU, ÂU"},{"w":"領","h":"LĨNH"},{"w":"県","h":"HUYỆN"},{"w":"設","h":"THIẾT"},{"w":"改","h":"CẢI"},{"w":"府","h":"PHỦ"},{"w":"査","h":"TRA"},{"w":"委","h":"ỦY, UY"},{"w":"軍","h":"QUÂN"},{"w":"団","h":"ĐOÀN"},{"w":"各","h":"CÁC"},{"w":"島","h":"ĐẢO"},{"w":"革","h":"CÁCH, CỨC"},{"w":"村","h":"THÔN"},{"w":"勢","h":"THẾ"},{"w":"減","h":"GIẢM"},{"w":"再","h":"TÁI"},{"w":"税","h":"THUẾ, THỐI, THOÁT"},{"w":"営","h":"DOANH, DINH"},{"w":"比","h":"BỈ, BÍ, BÌ, TỈ"},{"w":"防","h":"PHÒNG"},{"w":"補","h":"BỔ"},{"w":"境","h":"CẢNH"},{"w":"導","h":"ĐẠO"},{"w":"副","h":"PHÓ"},{"w":"算","h":"TOÁN"},{"w":"輸","h":"THÂU, THÚ"},{"w":"述","h":"THUẬT"},{"w":"線","h":"TUYẾN"},{"w":"農","h":"NÔNG"},{"w":"州","h":"CHÂU"},{"w":"武","h":"VŨ, VÕ"},{"w":"象","h":"TƯỢNG"},{"w":"域","h":"VỰC"},{"w":"額","h":"NGẠCH"},{"w":"欧","h":"ÂU, ẨU"},{"w":"担","h":"ĐAM, ĐẢM"},{"w":"準","h":"CHUẨN, CHUYẾT"},{"w":"賞","h":"THƯỞNG"},{"w":"辺","h":"BIÊN"},{"w":"造","h":"TẠO, THÁO"},{"w":"被","h":"BỊ, BÍ"},{"w":"技","h":"KĨ"},{"w":"低","h":"ĐÊ"},{"w":"復","h":"PHỤC, PHÚC"},{"w":"移","h":"DI, DỊ, SỈ"},{"w":"個","h":"CÁ"},{"w":"門","h":"MÔN"},{"w":"課","h":"KHÓA"},{"w":"脳","h":"NÃO"},{"w":"極","h":"CỰC"},{"w":"含","h":"HÀM"},{"w":"蔵","h":"TÀNG"},{"w":"量","h":"LƯỢNG, LƯƠNG"},{"w":"型","h":"HÌNH"},{"w":"況","h":"HUỐNG"},{"w":"針","h":"CHÂM"},{"w":"専","h":"CHUYÊN"},{"w":"谷","h":"CỐC, LỘC, DỤC"},{"w":"史","h":"SỬ"},{"w":"階","h":"GIAI"},{"w":"管","h":"QUẢN"},{"w":"兵","h":"BINH"},{"w":"接","h":"TIẾP"},{"w":"細","h":"TẾ"},{"w":"効","h":"HIỆU"},{"w":"丸","h":"HOÀN"},{"w":"湾","h":"LOAN"},{"w":"録","h":"LỤC"},{"w":"省","h":"TỈNH"},{"w":"旧","h":"CỰU"},{"w":"橋","h":"KIỀU, KHIÊU, CAO"},{"w":"岸","h":"NGẠN"},{"w":"周","h":"CHU"},{"w":"材","h":"TÀI"},{"w":"戸","h":"HỘ"},{"w":"央","h":"ƯƠNG"},{"w":"券","h":"KHOÁN"},{"w":"編","h":"BIÊN"},{"w":"捜","h":"SƯU"},{"w":"竹","h":"TRÚC"},{"w":"超","h":"SIÊU"},{"w":"並","h":"TỊNH, TINH"},{"w":"療","h":"LIỆU"},{"w":"採","h":"THẢI, THÁI"},{"w":"森","h":"SÂM"},{"w":"競","h":"CẠNH"},{"w":"介","h":"GIỚI"},{"w":"根","h":"CĂN"},{"w":"販","h":"PHIẾN, PHÁN"},{"w":"歴","h":"LỊCH "},{"w":"将","h":"TƯƠNG, THƯƠNG, TƯỚNG"},{"w":"幅","h":"PHÚC, BỨC"},{"w":"般","h":"BÀN, BAN, BÁT"},{"w":"貿","h":"MẬU"},{"w":"講","h":"GIẢNG"},{"w":"林","h":"LÂM"},{"w":"装","h":"TRANG"},{"w":"諸","h":"CHƯ"},{"w":"劇","h":"KỊCH"},{"w":"河","h":"HÀ"},{"w":"航","h":"HÀNG"},{"w":"鉄","h":"THIẾT"},{"w":"児","h":"NHI"},{"w":"禁","h":"CẤM, CÂM"},{"w":"印","h":"ẤN"},{"w":"逆","h":"NGHỊCH, NGHỊNH"},{"w":"換","h":"HOÁN"},{"w":"久","h":"CỬU"},{"w":"短","h":"ĐOẢN"},{"w":"油","h":"DU"},{"w":"暴","h":"BẠO, BỘC"},{"w":"輪","h":"LUÂN"},{"w":"占","h":"CHIÊM, CHIẾM"},{"w":"植","h":"THỰC, TRĨ"},{"w":"清","h":"THANH"},{"w":"倍","h":"BỘI"},{"w":"均","h":"QUÂN, VẬN"},{"w":"億","h":"ỨC"},{"w":"圧","h":"ÁP"},{"w":"芸","h":"VÂN"},{"w":"署","h":"THỰ"},{"w":"伸","h":"THÂN"},{"w":"停","h":"ĐÌNH"},{"w":"爆","h":"BẠO, BẠC, BỘC"},{"w":"陸","h":"LỤC"},{"w":"玉","h":"NGỌC, TÚC"},{"w":"波","h":"BA"},{"w":"帯","h":"ĐỚI"},{"w":"延","h":"DUYÊN"},{"w":"羽","h":"VŨ"},{"w":"固","h":"CỐ"},{"w":"則","h":"TẮC"},{"w":"乱","h":"LOẠN"},{"w":"普","h":"PHỔ"},{"w":"測","h":"TRẮC"},{"w":"豊","h":"PHONG"},{"w":"厚","h":"HẬU"},{"w":"齢","h":"LINH"},{"w":"囲","h":"VI"},{"w":"卒","h":"TỐT, TUẤT, THỐT"},{"w":"略","h":"LƯỢC"},{"w":"承","h":"THỪA"},{"w":"順","h":"THUẬN"},{"w":"岩","h":"NHAM"},{"w":"練","h":"LUYỆN"},{"w":"軽","h":"KHINH"},{"w":"了","h":"LIỄU"},{"w":"庁","h":"SẢNH"},{"w":"城","h":"THÀNH"},{"w":"患","h":"HOẠN"},{"w":"層","h":"TẰNG"},{"w":"版","h":"BẢN"},{"w":"令","h":"LỆNH, LINH"},{"w":"角","h":"GIÁC, GIỐC"},{"w":"絡","h":"LẠC"},{"w":"損","h":"TỔN"},{"w":"募","h":"MỘ"},{"w":"裏","h":"LÍ"},{"w":"仏","h":"PHẬT"},{"w":"績","h":"TÍCH"},{"w":"築","h":"TRÚC"},{"w":"貨","h":"HÓA"},{"w":"混","h":"HỖN, CỔN"},{"w":"昇","h":"THĂNG"},{"w":"池","h":"TRÌ"},{"w":"血","h":"HUYẾT"},{"w":"温","h":"ÔN, UẨN"},{"w":"季","h":"QUÝ"},{"w":"星","h":"TINH"},{"w":"永","h":"VĨNH"},{"w":"著","h":"TRỨ, TRƯỚC, TRỮ"},{"w":"誌","h":"CHÍ"},{"w":"庫","h":"KHỐ"},{"w":"刊","h":"KHAN, SAN"},{"w":"像","h":"TƯỢNG"},{"w":"香","h":"HƯƠNG"},{"w":"坂","h":"PHẢN"},{"w":"底","h":"ĐỂ"},{"w":"布","h":"BỐ"},{"w":"寺","h":"TỰ"},{"w":"宇","h":"VŨ"},{"w":"巨","h":"CỰ, HÁ"},{"w":"震","h":"CHẤN"},{"w":"希","h":"HI"},{"w":"触","h":"XÚC"},{"w":"依","h":"Y, Ỷ"},{"w":"籍","h":"TỊCH, TẠ"},{"w":"汚","h":"Ô"},{"w":"枚","h":"MAI"},{"w":"複","h":"PHỨC"},{"w":"郵","h":"BƯU"},{"w":"仲","h":"TRỌNG"},{"w":"栄","h":"VINH"},{"w":"札","h":"TRÁT"},{"w":"板","h":"BẢN"},{"w":"骨","h":"CỐT"},{"w":"傾","h":"KHUYNH"},{"w":"届","h":"GIỚI"},{"w":"巻","h":"QUYỂN"},{"w":"燃","h":"NHIÊN"},{"w":"跡","h":"TÍCH"},{"w":"包","h":"BAO"},{"w":"駐","h":"TRÚ"},{"w":"弱","h":"NHƯỢC"},{"w":"紹","h":"THIỆU"},{"w":"雇","h":"CỐ"},{"w":"替","h":"THẾ"},{"w":"預","h":"DỰ"},{"w":"焼","h":"THIÊU"},{"w":"簡","h":"GIẢN"},{"w":"章","h":"CHƯƠNG"},{"w":"臓","h":"TẠNG"},{"w":"律","h":"LUẬT"},{"w":"贈","h":"TẶNG"},{"w":"照","h":"CHIẾU"},{"w":"薄","h":"BẠC, BÁC"},{"w":"群","h":"QUẦN"},{"w":"秒","h":"MIỂU"},{"w":"奥","h":"ÁO, ÚC"},{"w":"詰","h":"CẬT"},{"w":"双","h":"SONG"},{"w":"刺","h":"THỨ, THÍCH"},{"w":"純","h":"THUẦN, CHUẨN, ĐỒN, TRUY"},{"w":"翌","h":"DỰC"},{"w":"快","h":"KHOÁI"},{"w":"片","h":"PHIẾN"},{"w":"敬","h":"KÍNH"},{"w":"悩","h":"NÃO"},{"w":"泉","h":"TUYỀN, TOÀN"},{"w":"皮","h":"BÌ"},{"w":"漁","h":"NGƯ"},{"w":"荒","h":"HOANG"},{"w":"貯","h":"TRỮ"},{"w":"硬","h":"NGẠNH"},{"w":"埋","h":"MAI"},{"w":"柱","h":"TRỤ, TRÚ"},{"w":"祭","h":"TẾ, SÁI"},{"w":"袋","h":"ĐẠI"},{"w":"筆","h":"BÚT"},{"w":"訓","h":"HUẤN"},{"w":"浴","h":"DỤC"},{"w":"童","h":"ĐỒNG"},{"w":"宝","h":"BẢO"},{"w":"封","h":"PHONG"},{"w":"胸","h":"HUNG"},{"w":"砂","h":"SA"},{"w":"塩","h":"DIÊM"},{"w":"賢","h":"HIỀN"},{"w":"腕","h":"OẢN, UYỂN"},{"w":"兆","h":"TRIỆU"},{"w":"床","h":"SÀNG"},{"w":"毛","h":"MAO, MÔ"},{"w":"緑","h":"LỤC"},{"w":"尊","h":"TÔN"},{"w":"祝","h":"CHÚC, CHÚ"},{"w":"柔","h":"NHU"},{"w":"殿","h":"ĐIỆN, ĐIẾN"},{"w":"濃","h":"NÙNG"},{"w":"液","h":"DỊCH"},{"w":"衣","h":"Y, Ý"},{"w":"肩","h":"KIÊN"},{"w":"零","h":"LINH"},{"w":"幼","h":"ẤU"},{"w":"荷","h":"HÀ, HẠ"},{"w":"泊","h":"BẠC, PHÁCH"},{"w":"黄","h":"HOÀNG"},{"w":"甘","h":"CAM"},{"w":"臣","h":"THẦN"},{"w":"浅","h":"THIỂN, TIÊN"},{"w":"掃","h":"TẢO"},{"w":"雲","h":"VÂN"},{"w":"掘","h":"QUẬT"},{"w":"捨","h":"XÁ, XẢ"},{"w":"軟","h":"NHUYỄN"},{"w":"沈","h":"TRẦM, THẨM, TRẤM"},{"w":"凍","h":"ĐỐNG"},{"w":"乳","h":"NHŨ"},{"w":"恋","h":"LUYẾN"},{"w":"紅","h":"HỒNG"},{"w":"郊","h":"GIAO"},{"w":"腰","h":"YÊU"},{"w":"炭","h":"THÁN"},{"w":"踊","h":"DŨNG"},{"w":"冊","h":"SÁCH"},{"w":"勇","h":"DŨNG"},{"w":"械","h":"GIỚI"},{"w":"菜","h":"THÁI"},{"w":"珍","h":"TRÂN"},{"w":"卵","h":"NOÃN"},{"w":"湖","h":"HỒ"},{"w":"喫","h":"KHIẾT"},{"w":"干","h":"KIỀN, CAN, CÀN, CÁN"},{"w":"虫","h":"TRÙNG"},{"w":"刷","h":"XOÁT, LOÁT"},{"w":"湯","h":"THANG, SƯƠNG, THÃNG"},{"w":"溶","h":"DONG, DUNG"},{"w":"鉱","h":"KHOÁNG"},{"w":"涙","h":" LỆ"},{"w":"匹","h":"THẤT"},{"w":"孫","h":"TÔN, TỐN"},{"w":"鋭","h":"DUỆ, NHUỆ"},{"w":"枝","h":"CHI, KÌ"},{"w":"塗","h":"ĐỒ, TRÀ"},{"w":"軒","h":"HIÊN"},{"w":"毒","h":"ĐỘC, ĐỐC"},{"w":"叫","h":"KHIẾU"},{"w":"拝","h":"BÁI"},{"w":"氷","h":"BĂNG"},{"w":"乾","h":"KIỀN, CAN, CÀN"},{"w":"棒","h":"BỔNG"},{"w":"祈","h":"KÌ"},{"w":"拾","h":"THẬP, THIỆP, KIỆP"},{"w":"粉","h":"PHẤN"},{"w":"糸","h":"MỊCH"},{"w":"綿","h":"MIÊN"},{"w":"汗","h":"HÃN, HÀN"},{"w":"銅","h":"ĐỒNG"},{"w":"湿","h":"THẤP, CHẬP"},{"w":"瓶","h":"BÌNH"},{"w":"咲","h":"TIẾU"},{"w":"召","h":"TRIỆU"},{"w":"缶","h":"PHỮU, PHẪU, PHŨ"},{"w":"隻","h":"CHÍCH, CHỈ"},{"w":"脂","h":"CHI"},{"w":"蒸","h":"CHƯNG"},{"w":"肌","h":"CƠ"},{"w":"耕","h":"CANH"},{"w":"鈍","h":"ĐỘN"},{"w":"泥","h":"NÊ, NỆ, NỄ"},{"w":"隅","h":"NGUNG"},{"w":"灯","h":"ĐĂNG"},{"w":"辛","h":"TÂN"},{"w":"磨","h":"MA, MÁ"},{"w":"麦","h":"MẠCH"},{"w":"姓","h":"TÍNH"},{"w":"筒","h":"ĐỒNG"},{"w":"鼻","h":"TỊ"},{"w":"粒","h":"LẠP"},{"w":"詞","h":"TỪ"},{"w":"胃","h":"VỊ"},{"w":"畳","h":"ĐIỆP"},{"w":"机","h":"KY, CƠ"},{"w":"膚","h":"PHU"},{"w":"濯","h":"TRẠC"},{"w":"塔","h":"THÁP"},{"w":"沸","h":"PHÍ, PHẤT"},{"w":"灰","h":"HÔI, KHÔI"},{"w":"菓","h":"QUẢ"},{"w":"帽","h":"MẠO"},{"w":"枯","h":"KHÔ"},{"w":"涼","h":"LƯƠNG, LƯỢNG"},{"w":"舟","h":"CHU"},{"w":"貝","h":"BỐI"},{"w":"符","h":"PHÙ"},{"w":"憎","h":"TĂNG"},{"w":"皿","h":"MÃNH"},{"w":"肯","h":"KHẲNG, KHẢI"},{"w":"燥","h":"TÁO"},{"w":"畜","h":"SÚC, HÚC"},{"w":"挟","h":"HIỆP, TIỆP"},{"w":"曇","h":"ĐÀM"},{"w":"滴","h":"TÍCH, TRÍCH"},{"w":"伺","h":"TÝ, TỨ"},{"w":"政","h":"CHÁNH, CHÍNH"},{"w":"議","h":"NGHỊ"},{"w":"民","h":"DÂN"},{"w":"連","h":"LIÊN"},{"w":"対","h":"ĐỐI"},{"w":"部","h":"BỘ"},{"w":"合","h":"HỢP, CÁP, HIỆP"},{"w":"市","h":"THỊ"},{"w":"内","h":"NỘI, NẠP"},{"w":"相","h":"TƯƠNG, TƯỚNG"},{"w":"定","h":"ĐỊNH, ĐÍNH"},{"w":"回","h":"HỒI, HỐI"},{"w":"選","h":"TUYỂN, TUYẾN"},{"w":"米","h":"MỄ"},{"w":"実","h":"THỰC"},{"w":"関","h":"QUAN"},{"w":"決","h":"QUYẾT"},{"w":"全","h":"TOÀN"},{"w":"表","h":"BIỂU"},{"w":"戦","h":"CHIẾN"},{"w":"経","h":"KINH"},{"w":"最","h":"TỐI"},{"w":"現","h":"HIỆN"},{"w":"調","h":"ĐIỀU, ĐIỆU"},{"w":"化","h":"HÓA"},{"w":"当","h":"ĐƯƠNG, ĐANG, ĐÁNG"},{"w":"約","h":"ƯỚC"},{"w":"首","h":"THỦ, THÚ"},{"w":"法","h":"PHÁP"},{"w":"性","h":"TÍNH"},{"w":"要","h":"YẾU, YÊU"},{"w":"制","h":"CHẾ"},{"w":"治","h":"TRÌ, TRỊ"},{"w":"務","h":"VỤ, VŨ"},{"w":"成","h":"THÀNH"},{"w":"期","h":"KÌ, KI"},{"w":"取","h":"THỦ"},{"w":"都","h":"ĐÔ"},{"w":"和","h":"HÒA, HỌA"},{"w":"機","h":"KI, CƠ"},{"w":"平","h":"BÌNH, BIỀN"},{"w":"加","h":"GIA"},{"w":"受","h":"THỤ"},{"w":"続","h":"TỤC"},{"w":"進","h":"TIẾN"},{"w":"数","h":"SỔ, SỐ, SÁC, XÚC"},{"w":"記","h":"KÍ"},{"w":"初","h":"SƠ"},{"w":"指","h":"CHỈ"},{"w":"権","h":"QUYỀN"},{"w":"支","h":"CHI"},{"w":"産","h":"SẢN"},{"w":"点","h":"ĐIỂM"},{"w":"報","h":"BÁO"},{"w":"済","h":"TẾ"},{"w":"活","h":"HOẠT, QUẠT"},{"w":"原","h":"NGUYÊN"},{"w":"共","h":"CỘNG, CUNG"},{"w":"得","h":"ĐẮC"},{"w":"解","h":"GIẢI, GIỚI, GIÁI"},{"w":"交","h":"GIAO"},{"w":"資","h":"TƯ"},{"w":"予","h":"DƯ, DỮ"},{"w":"向","h":"HƯỚNG"},{"w":"際","h":"TẾ"},{"w":"勝","h":"THẮNG, THĂNG"},{"w":"面","h":"DIỆN, MIẾN"},{"w":"告","h":"CÁO, CỐC"},{"w":"反","h":"PHẢN, PHIÊN"},{"w":"判","h":"PHÁN"},{"w":"認","h":"NHẬN"},{"w":"参","h":"THAM, XAM, SÂM"},{"w":"利","h":"LỢI"},{"w":"組","h":"TỔ"},{"w":"信","h":"TÍN"},{"w":"在","h":"TẠI"},{"w":"件","h":"KIỆN"},{"w":"側","h":"TRẮC"},{"w":"任","h":"NHÂM, NHẬM, NHIỆM"},{"w":"引","h":"DẪN, DẤN"},{"w":"求","h":"CẦU"},{"w":"所","h":"SỞ"},{"w":"次","h":"THỨ"},{"w":"昨","h":"TẠC"},{"w":"論","h":"LUẬN, LUÂN"},{"w":"官","h":"QUAN"},{"w":"増","h":"TĂNG"},{"w":"係","h":"HỆ"},{"w":"感","h":"CẢM"},{"w":"情","h":"TÌNH"},{"w":"投","h":"ĐẦU"},{"w":"示","h":"KÌ, THỊ"},{"w":"変","h":"BIẾN"},{"w":"打","h":"ĐẢ"},{"w":"直","h":"TRỰC"},{"w":"両","h":" LƯỠNG, LẠNG"},{"w":"式","h":"THỨC"},{"w":"確","h":"XÁC"},{"w":"果","h":"QUẢ"},{"w":"容","h":"DUNG, DONG"},{"w":"必","h":"TẤT"},{"w":"演","h":"DIỄN"},{"w":"歳","h":"TUẾ"},{"w":"争","h":"TRANH, TRÁNH"},{"w":"談","h":"ĐÀM"},{"w":"能","h":"NĂNG, NAI, NẠI"},{"w":"位","h":"VỊ"},{"w":"置","h":"TRÍ"},{"w":"流","h":"LƯU"},{"w":"格","h":"CÁCH, CÁC"},{"w":"疑","h":"NGHI"},{"w":"過","h":"QUÁ, QUA"},{"w":"局","h":"CỤC"},{"w":"放","h":"PHÓNG, PHỎNG"},{"w":"常","h":"THƯỜNG"},{"w":"状","h":"TRẠNG"},{"w":"球","h":"CẦU"},{"w":"職","h":"CHỨC"},{"w":"与","h":"DỮ, DỰ, DƯ"},{"w":"供","h":"CUNG"},{"w":"役","h":"DỊCH"},{"w":"構","h":"CẤU"},{"w":"割","h":"CÁT"},{"w":"費","h":"PHÍ, BỈ"},{"w":"付","h":"PHÓ"},{"w":"由","h":"DO"},{"w":"説","h":"THUYẾT, DUYỆT, THUẾ"},{"w":"難","h":"NAN, NẠN"},{"w":"優","h":"ƯU"},{"w":"夫","h":"PHU, PHÙ"},{"w":"収","h":"THU"},{"w":"断","h":"ĐOẠN, ĐOÁN"},{"w":"石","h":"THẠCH"},{"w":"違","h":"VI"},{"w":"消","h":"TIÊU"},{"w":"神","h":"THẦN"},{"w":"番","h":"PHIÊN, PHAN, BA, BÀ"},{"w":"規","h":"QUY"},{"w":"術","h":"THUẬT"},{"w":"備","h":"BỊ"},{"w":"宅","h":"TRẠCH"},{"w":"害","h":"HẠI, HẠT"},{"w":"配","h":"PHỐI"},{"w":"警","h":"CẢNH"},{"w":"育","h":"DỤC"},{"w":"席","h":"TỊCH"},{"w":"訪","h":"PHÓNG, PHỎNG"},{"w":"乗","h":"THỪA"},{"w":"残","h":"TÀN"},{"w":"想","h":"TƯỞNG"},{"w":"声","h":"THANH"},{"w":"念","h":"NIỆM"},{"w":"助","h":"TRỢ"},{"w":"労","h":"LAO"},{"w":"例","h":"LỆ"},{"w":"然","h":"NHIÊN"},{"w":"限","h":"HẠN"},{"w":"追","h":"TRUY, ĐÔI"},{"w":"商","h":"THƯƠNG"},{"w":"葉","h":"DIỆP, DIẾP"},{"w":"伝","h":"TRUYỀN"},{"w":"働","h":"ĐỘNG"},{"w":"形","h":"HÌNH"},{"w":"景","h":"CẢNH"},{"w":"落","h":"LẠC"},{"w":"好","h":"HẢO, HIẾU"},{"w":"退","h":"THỐI, THOÁI"},{"w":"頭","h":"ĐẦU"},{"w":"負","h":"PHỤ"},{"w":"渡","h":"ĐỘ"},{"w":"失","h":"THẤT"},{"w":"差","h":"SOA, SI, SAI, SÁI"},{"w":"末","h":"MẠT"},{"w":"守","h":"THỦ, THÚ"},{"w":"若","h":"NHƯỢC, NHÃ"},{"w":"種","h":"CHỦNG, CHÚNG"},{"w":"美","h":"MĨ"},{"w":"命","h":"MỆNH"},{"w":"福","h":"PHÚC"},{"w":"望","h":"VỌNG"},{"w":"非","h":"PHI"},{"w":"観","h":"QUAN"},{"w":"察","h":"SÁT"},{"w":"段","h":"ĐOẠN"},{"w":"横","h":"HOÀNH, HOẠNH, QUÁNG"},{"w":"深","h":"THÂM"},{"w":"申","h":"THÂN"},{"w":"様","h":"DẠNG"},{"w":"財","h":"TÀI"},{"w":"港","h":"CẢNG"},{"w":"識","h":"THỨC, CHÍ"},{"w":"呼","h":"HÔ, HÁ"},{"w":"達","h":"ĐẠT"},{"w":"良","h":"LƯƠNG"},{"w":"候","h":"HẬU"},{"w":"程","h":"TRÌNH"},{"w":"満","h":"MÃN"},{"w":"敗","h":"BẠI"},{"w":"値","h":"TRỊ"},{"w":"突","h":"ĐỘT"},{"w":"光","h":"QUANG"},{"w":"路","h":"LỘ"},{"w":"科","h":"KHOA"},{"w":"積","h":"TÍCH, TÍ"},{"w":"他","h":"THA"},{"w":"処","h":"XỨ"},{"w":"太","h":"THÁI"},{"w":"客","h":"KHÁCH"},{"w":"否","h":"PHỦ, BĨ, PHẦU"},{"w":"師","h":"SƯ"},{"w":"登","h":"ĐĂNG"},{"w":"易","h":"DỊCH, DỊ"},{"w":"速","h":"TỐC"},{"w":"存","h":"TỒN"},{"w":"飛","h":"PHI"},{"w":"殺","h":"SÁT, SÁI, TÁT"},{"w":"号","h":"HÀO, HIỆU"},{"w":"単","h":"ĐƠN"},{"w":"座","h":"TỌA"},{"w":"破","h":"PHÁ"},{"w":"除","h":"TRỪ"},{"w":"完","h":"HOÀN"},{"w":"降","h":"HÀNG, GIÁNG"},{"w":"責","h":"TRÁCH, TRÁI"},{"w":"捕","h":"BỘ"},{"w":"危","h":"NGUY"},{"w":"給","h":"CẤP"},{"w":"苦","h":"KHỔ"},{"w":"迎","h":"NGHÊNH, NGHỊNH"},{"w":"園","h":"VIÊN"},{"w":"具","h":"CỤ"},{"w":"辞","h":"TỪ"},{"w":"因","h":"NHÂN"},{"w":"馬","h":"MÃ"},{"w":"愛","h":"ÁI"},{"w":"富","h":"PHÚ"},{"w":"彼","h":"BỈ"},{"w":"未","h":"VỊ, MÙI"},{"w":"舞","h":"VŨ"},{"w":"亡","h":"VONG, VÔ"},{"w":"冷","h":"LÃNH"},{"w":"適","h":"THÍCH, ĐÍCH, QUÁT"},{"w":"婦","h":"PHỤ"},{"w":"寄","h":"KÍ"},{"w":"込","h":""},{"w":"顔","h":"NHAN"},{"w":"類","h":"LOẠI"},{"w":"余","h":"DƯ"},{"w":"王","h":"VƯƠNG, VƯỢNG"},{"w":"返","h":"PHẢN"},{"w":"妻","h":"THÊ, THẾ"},{"w":"背","h":"BỐI, BỘI"},{"w":"熱","h":"NHIỆT"},{"w":"宿","h":"TÚC, TÚ"},{"w":"薬","h":"DƯỢC"},{"w":"険","h":"HIỂM"},{"w":"頼","h":"LẠI"},{"w":"覚","h":"GIÁC"},{"w":"船","h":"THUYỀN"},{"w":"途","h":"ĐỒ"},{"w":"許","h":"HỨA, HỬ, HỔ"},{"w":"抜","h":"BẠT"},{"w":"便","h":"TIỆN"},{"w":"留","h":"LƯU"},{"w":"罪","h":"TỘI"},{"w":"努","h":"NỖ"},{"w":"精","h":"TINH"},{"w":"散","h":"TÁN, TẢN"},{"w":"静","h":"TĨNH"},{"w":"婚","h":"HÔN"},{"w":"喜","h":"HỈ, HÍ, HI"},{"w":"浮","h":"PHÙ"},{"w":"絶","h":"TUYỆT"},{"w":"幸","h":"HẠNH"},{"w":"押","h":"ÁP"},{"w":"倒","h":"ĐẢO"},{"w":"等","h":"ĐẲNG"},{"w":"老","h":"LÃO"},{"w":"曲","h":"KHÚC"},{"w":"払","h":"PHẤT"},{"w":"庭","h":"ĐÌNH, THÍNH"},{"w":"徒","h":"ĐỒ"},{"w":"勤","h":"CẦN"},{"w":"遅","h":"TRÌ"},{"w":"居","h":"CƯ, KÍ"},{"w":"雑","h":"TẠP"},{"w":"招","h":"CHIÊU, THIÊU, THIỀU"},{"w":"困","h":"KHỐN"},{"w":"欠","h":"KHIẾM"},{"w":"更","h":"CANH, CÁNH"},{"w":"刻","h":"KHẮC"},{"w":"賛","h":"TÁN"},{"w":"抱","h":"BÃO"},{"w":"犯","h":"PHẠM"},{"w":"恐","h":"KHỦNG, KHÚNG"},{"w":"息","h":"TỨC"},{"w":"遠","h":"VIỄN, VIỂN"},{"w":"戻","h":"LỆ"},{"w":"願","h":"NGUYỆN"},{"w":"絵","h":"HỘI"},{"w":"越","h":"VIỆT, HOẠT"},{"w":"欲","h":"DỤC"},{"w":"痛","h":"THỐNG"},{"w":"笑","h":"TIẾU"},{"w":"互","h":"HỖ"},{"w":"束","h":"THÚC, THÚ"},{"w":"似","h":"TỰ"},{"w":"列","h":"LIỆT"},{"w":"探","h":"THAM, THÁM"},{"w":"逃","h":"ĐÀO"},{"w":"遊","h":"DU"},{"w":"迷","h":"MÊ"},{"w":"夢","h":"MỘNG, MÔNG"},{"w":"君","h":"QUÂN"},{"w":"閉","h":"BẾ"},{"w":"緒","h":"TỰ"},{"w":"折","h":"CHIẾT, ĐỀ"},{"w":"草","h":"THẢO"},{"w":"暮","h":"MỘ"},{"w":"酒","h":"TỬU"},{"w":"悲","h":"BI"},{"w":"晴","h":"TÌNH"},{"w":"掛","h":"QUẢI"},{"w":"到","h":"ĐÁO"},{"w":"寝","h":"TẨM"},{"w":"暗","h":"ÁM"},{"w":"盗","h":"ĐẠO"},{"w":"吸","h":"HẤP"},{"w":"陽","h":"DƯƠNG"},{"w":"御","h":"NGỰ, NHẠ, NGỮ"},{"w":"歯","h":"XỈ"},{"w":"忘","h":"VONG"},{"w":"雪","h":"TUYẾT"},{"w":"吹","h":"XUY, XÚY"},{"w":"娘","h":"NƯƠNG"},{"w":"誤","h":"NGỘ"},{"w":"洗","h":"TẨY, TIỂN"},{"w":"慣","h":"QUÁN"},{"w":"礼","h":"LỄ"},{"w":"窓","h":"SONG"},{"w":"昔","h":"TÍCH"},{"w":"貧","h":"BẦN"},{"w":"怒","h":"NỘ"},{"w":"泳","h":"VỊNH"},{"w":"祖","h":"TỔ"},{"w":"杯","h":"BÔI"},{"w":"疲","h":"BÌ"},{"w":"皆","h":"GIAI"},{"w":"鳴","h":"MINH"},{"w":"腹","h":"PHÚC"},{"w":"煙","h":"YÊN"},{"w":"眠","h":"MIÊN"},{"w":"怖","h":"PHỐ, BỐ"},{"w":"耳","h":"NHĨ"},{"w":"頂","h":"ĐÍNH"},{"w":"箱","h":"TƯƠNG, SƯƠNG"},{"w":"晩","h":"VÃN"},{"w":"寒","h":"HÀN"},{"w":"髪","h":"PHÁT "},{"w":"忙","h":"MANG"},{"w":"才","h":"TÀI"},{"w":"靴","h":"NGOA"},{"w":"恥","h":"SỈ"},{"w":"偶","h":"NGẪU"},{"w":"偉","h":"VĨ"},{"w":"猫","h":"MIÊU"},{"w":"幾","h":"KI, KỈ, KÍ"},{"w":"会","h":"HỘI, CỐI"},{"w":"同","h":"ĐỒNG"},{"w":"事","h":"SỰ"},{"w":"自","h":"TỰ"},{"w":"社","h":"XÃ"},{"w":"発","h":"PHÁT"},{"w":"者","h":"GIẢ"},{"w":"地","h":"ĐỊA"},{"w":"業","h":"NGHIỆP"},{"w":"方","h":"PHƯƠNG"},{"w":"新","h":"TÂN"},{"w":"場","h":"TRÀNG, TRƯỜNG"},{"w":"員","h":"VIÊN, VÂN"},{"w":"立","h":"LẬP"},{"w":"開","h":"KHAI"},{"w":"手","h":"THỦ"},{"w":"力","h":"LỰC"},{"w":"問","h":"VẤN"},{"w":"代","h":"ĐẠI"},{"w":"明","h":"MINH"},{"w":"動","h":"ĐỘNG"},{"w":"京","h":"KINH"},{"w":"目","h":"MỤC"},{"w":"通","h":"THÔNG"},{"w":"言","h":"NGÔN, NGÂN"},{"w":"理","h":"LÍ"},{"w":"体","h":"THỂ"},{"w":"田","h":"ĐIỀN"},{"w":"主","h":"CHỦ, CHÚA"},{"w":"題","h":"ĐỀ"},{"w":"意","h":"Ý"},{"w":"不","h":"BẤT, PHẦU, PHỦ, PHI"},{"w":"作","h":"TÁC"},{"w":"用","h":"DỤNG"},{"w":"度","h":"ĐỘ, ĐẠC"},{"w":"強","h":"CƯỜNG, CƯỠNG"},{"w":"公","h":"CÔNG"},{"w":"持","h":"TRÌ"},{"w":"野","h":"DÃ"},{"w":"以","h":"DĨ"},{"w":"思","h":"TƯ, TỨ, TAI"},{"w":"家","h":"GIA, CÔ"},{"w":"世","h":"THẾ"},{"w":"多","h":"ĐA"},{"w":"正","h":"CHÁNH, CHÍNH"},{"w":"安","h":"AN, YÊN"},{"w":"院","h":"VIỆN"},{"w":"心","h":"TÂM"},{"w":"界","h":"GIỚI"},{"w":"教","h":"GIÁO, GIAO"},{"w":"文","h":"VĂN, VẤN"},{"w":"元","h":"NGUYÊN"},{"w":"重","h":"TRỌNG, TRÙNG"},{"w":"近","h":"CẬN, CẤN, KÍ"},{"w":"考","h":"KHẢO"},{"w":"画","h":"HỌA, HOẠCH"},{"w":"海","h":"HẢI"},{"w":"売","h":"MẠI"},{"w":"知","h":"TRI, TRÍ"},{"w":"道","h":"ĐẠO, ĐÁO"},{"w":"集","h":"TẬP"},{"w":"別","h":"BIỆT"},{"w":"物","h":"VẬT"},{"w":"使","h":"SỬ, SỨ"},{"w":"品","h":"PHẨM"},{"w":"計","h":"KẾ, KÊ"},{"w":"死","h":"TỬ"},{"w":"特","h":"ĐẶC"},{"w":"私","h":"TƯ"},{"w":"始","h":"THỦY, THÍ"},{"w":"朝","h":"TRIÊU, TRIỀU"},{"w":"運","h":"VẬN"},{"w":"終","h":"CHUNG"},{"w":"台","h":"THAI, ĐÀI, DI"},{"w":"広","h":"QUẢNG"},{"w":"住","h":"TRỤ, TRÚ"},{"w":"真","h":"CHÂN"},{"w":"有","h":"HỮU, DỰU"},{"w":"口","h":"KHẨU"},{"w":"少","h":"THIỂU, THIẾU"},{"w":"町","h":"ĐINH"},{"w":"料","h":"LIÊU, LIỆU"},{"w":"工","h":"CÔNG"},{"w":"建","h":"KIẾN, KIỂN"},{"w":"空","h":"KHÔNG, KHỐNG, KHỔNG"},{"w":"急","h":"CẤP"},{"w":"止","h":"CHỈ"},{"w":"送","h":"TỐNG"},{"w":"切","h":"THIẾT, THẾ"},{"w":"転","h":"CHUYỂN"},{"w":"研","h":"NGHIÊN"},{"w":"足","h":"TÚC"},{"w":"究","h":"CỨU"},{"w":"楽","h":"LẠC, NHẠC"},{"w":"起","h":"KHỞI"},{"w":"着","h":"TRỨ, TRƯỚC, TRỮ"},{"w":"店","h":"ĐIẾM"},{"w":"病","h":"BỆNH"},{"w":"質","h":"CHẤT, CHÍ"},{"w":"待","h":"ĐÃI"},{"w":"試","h":"THÍ"},{"w":"族","h":"TỘC"},{"w":"銀","h":"NGÂN"},{"w":"早","h":"TẢO"},{"w":"映","h":"ÁNH"},{"w":"親","h":"THÂN, THẤN"},{"w":"験","h":"NGHIỆM"},{"w":"英","h":"ANH"},{"w":"医","h":"Y"},{"w":"仕","h":"SĨ"},{"w":"去","h":"KHỨ, KHU"},{"w":"味","h":"VỊ"},{"w":"写","h":"TẢ"},{"w":"字","h":"TỰ"},{"w":"答","h":"ĐÁP"},{"w":"夜","h":"DẠ"},{"w":"音","h":"ÂM"},{"w":"注","h":"CHÚ"},{"w":"帰","h":"QUY"},{"w":"古","h":"CỔ"},{"w":"歌","h":"CA"},{"w":"買","h":"MÃI"},{"w":"悪","h":"ÁC"},{"w":"図","h":"ĐỒ"},{"w":"週","h":"CHU"},{"w":"室","h":"THẤT"},{"w":"歩","h":"BỘ"},{"w":"風","h":"PHONG"},{"w":"紙","h":"CHỈ"},{"w":"黒","h":"HẮC"},{"w":"花","h":"HOA"},{"w":"春","h":"XUÂN"},{"w":"赤","h":"XÍCH, THÍCH"},{"w":"青","h":"THANH"},{"w":"館","h":"QUÁN"},{"w":"屋","h":"ỐC"},{"w":"色","h":"SẮC"},{"w":"走","h":"TẨU"},{"w":"秋","h":"THU"},{"w":"夏","h":"HẠ, GIẠ, GIÁ"},{"w":"習","h":"TẬP"},{"w":"駅","h":"DỊCH"},{"w":"洋","h":"DƯƠNG"},{"w":"旅","h":"LỮ"},{"w":"服","h":"PHỤC"},{"w":"夕","h":"TỊCH"},{"w":"借","h":"TÁ"},{"w":"曜","h":"DIỆU"},{"w":"飲","h":"ẨM, ẤM"},{"w":"肉","h":"NHỤC, NHỤ, NẬU"},{"w":"貸","h":"THẢI, THẮC"},{"w":"堂","h":"ĐƯỜNG"},{"w":"鳥","h":"ĐIỂU"},{"w":"飯","h":"PHẠN, PHÃN"},{"w":"勉","h":"MIỄN"},{"w":"冬","h":"ĐÔNG"},{"w":"昼","h":"TRÚ"},{"w":"茶","h":"TRÀ"},{"w":"弟","h":"ĐỆ, ĐỄ"},{"w":"牛","h":"NGƯU"},{"w":"魚","h":"NGƯ"},{"w":"兄","h":"HUYNH"},{"w":"犬","h":"KHUYỂN"},{"w":"妹","h":"MUỘI"},{"w":"姉","h":"TỈ"},{"w":"漢","h":"HÁN"},{"w":"九","h":"CỬU, CƯU"},{"w":"金","h":"KIM"},{"w":"今","h":"KIM"},{"w":"四","h":"TỨ"},{"w":"東","h":"ĐÔNG"},{"w":"上","h":"THƯỢNG, THƯỚNG"},{"w":"間","h":"GIAN"},{"w":"五","h":"NGŨ"},{"w":"生","h":"SANH, SINH"},{"w":"前","h":"TIỀN"},{"w":"後","h":"HẬU, HẤU"},{"w":"月","h":"NGUYỆT"},{"w":"見","h":"KIẾN, HIỆN"},{"w":"行","h":"HÀNH, HẠNH, HÀNG, HẠNG"},{"w":"時","h":"THÌ, THỜI"},{"w":"三","h":"TAM, TÁM"},{"w":"出","h":"XUẤT, XÚY"},{"w":"長","h":"TRƯỜNG, TRƯỞNG, TRƯỚNG"},{"w":"中","h":"TRUNG, TRÚNG"},{"w":"本","h":"BỔN, BẢN"},{"w":"二","h":"NHỊ"},{"w":"十","h":"THẬP"},{"w":"大","h":"ĐẠI, THÁI"},{"w":"年","h":"NIÊN"},{"w":"人","h":"NHÂN"},{"w":"国","h":"QUỐC"},{"w":"一","h":"NHẤT"},{"w":"日","h":"NHẬT, NHỰT"},{"w":"入","h":"NHẬP"},{"w":"学","h":"HỌC"},{"w":"高","h":"CAO"},{"w":"円","h":"VIÊN"},{"w":"子","h":"TỬ, TÍ"},{"w":"外","h":"NGOẠI"},{"w":"八","h":"BÁT"},{"w":"六","h":"LỤC"},{"w":"下","h":"HẠ, HÁ"},{"w":"来","h":"LAI, LÃI"},{"w":"気","h":"KHÍ"},{"w":"小","h":"TIỂU"},{"w":"七","h":"THẤT"},{"w":"山","h":"SAN, SƠN"},{"w":"話","h":"THOẠI"},{"w":"女","h":"NỮ, NỨ, NHỮ"},{"w":"北","h":"BẮC"},{"w":"午","h":"NGỌ"},{"w":"百","h":"BÁCH, BÁ, MẠCH"},{"w":"書","h":"THƯ"},{"w":"先","h":"TIÊN, TIẾN"},{"w":"名","h":"DANH"},{"w":"川","h":"XUYÊN"},{"w":"千","h":"THIÊN"},{"w":"水","h":"THỦY"},{"w":"半","h":"BÁN"},{"w":"男","h":"NAM"},{"w":"西","h":"TÂY, TÊ"},{"w":"電","h":"ĐIỆN"},{"w":"校","h":"GIÁO, HIỆU, HÀO"},{"w":"語","h":"NGỮ, NGỨ"},{"w":"土","h":"THỔ, ĐỘ, ĐỖ"},{"w":"木","h":"MỘC"},{"w":"聞","h":"VĂN, VẤN, VẶN"},{"w":"食","h":"THỰC, TỰ"},{"w":"車","h":"XA"},{"w":"何","h":"HÀ"},{"w":"南","h":"NAM"},{"w":"万","h":"VẠN, MẶC"},{"w":"毎","h":"MỖI"},{"w":"白","h":"BẠCH"},{"w":"天","h":"THIÊN"},{"w":"母","h":"MẪU, MÔ"},{"w":"火","h":"HỎA"},{"w":"右","h":"HỮU"},{"w":"読","h":"ĐỘC"},{"w":"友","h":"HỮU"},{"w":"左","h":"TẢ, TÁ"},{"w":"休","h":"HƯU"},{"w":"父","h":"PHỤ, PHỦ"},{"w":"雨","h":"VŨ, VÚ"},{"w":"腫","h":"THŨNG, TRŨNG"},{"w":"匂","h":"(MÙI)"},{"w":"噛","h":"GIẢO"},{"w":"訊","h":"TẤN"},{"w":"的","h":"ĐÍCH, ĐỂ"},{"w":"頃","h":"KHOẢNH, KHUYNH, KHUỂ"},{"w":"分","h":"PHÂN, PHẬN"},{"w":"無","h":"VÔ, MÔ"},{"w":"尤","h":"VƯU"},{"w":"馳","h":"TRÌ"},{"w":"濡","h":"NHU, NHI"},{"w":"蟹","h":"GIẢI"},{"w":"迄","h":"HẤT"},{"w":"鯊","h":"SA"},{"w":"鍋","h":"OA"},{"w":"髭","h":"TÌ"},{"w":"竿","h":"CAN, CÁN"},{"w":"蝕","h":"THỰC"},{"w":"屑","h":"TIẾT"},{"w":"尻","h":"KHÀO, CỪU"},{"w":"鰭","h":"KÌ"},{"w":"蝉","h":"THIỀN"},{"w":"釘","h":"ĐINH"},{"w":"麺","h":"MIẾN"},{"w":"剃","h":"THẾ"},{"w":"嘗","h":"THƯỜNG"},{"w":"舐","h":"THỈ, ĐỂ"},{"w":"畑","h":""},{"w":"洩","h":"DUỆ, TIẾT"},{"w":"籤","h":"THIÊM"},{"w":"喋","h":"ĐIỆP"},{"w":"坊","h":"PHƯỜNG"},{"w":"屠","h":"ĐỒ, CHƯ"},{"w":"蘇","h":"TÔ"},{"w":"輿","h":"DƯ"},{"w":"捻","h":"NIỆP, NIỆM, NẪM"},{"w":"洒","h":"SÁI, TẨY, THỐI"},{"w":"浚","h":"TUẤN"},{"w":"爺","h":"GIA"},{"w":"杓","h":"TIÊU, THƯỢC"},{"w":"碗","h":"OẢN"},{"w":"粥","h":"CHÚC, DỤC"},{"w":"膳","h":"THIỆN"},{"w":"臍","h":"TỀ"},{"w":"蔭","h":"ẤM"},{"w":"裾","h":"CƯ, CỨ"},{"w":"襁","h":"CƯỠNG"},{"w":"褓","h":"BẢO"},{"w":"迦","h":"GIÀ, CA"},{"w":"里","h":"LÍ"},{"w":"釜","h":"PHỦ"},{"w":"陀","h":"ĐÀ"},{"w":"餅","h":"BÍNH"},{"w":"馴","h":"TUẦN"},{"w":"巾","h":"CÂN"},{"w":"可","h":"KHẢ, KHẮC"},{"w":"腱","h":"KIỆN, KIÊN"},{"w":"豹","h":"BÁO"},{"w":"貘","h":""},{"w":"箔","h":"BẠC"},{"w":"兎","h":"THỎ"},{"w":"壺","h":"HỒ"},{"w":"挽","h":"VÃN"},{"w":"煎","h":"TIÊN, TIỄN"},{"w":"擾","h":"NHIỄU"},{"w":"飴","h":"DI, TỰ"},{"w":"撒","h":"TÁT, TẢN"},{"w":"腺","h":"TUYẾN"},{"w":"身","h":"THÂN, QUYÊN"},{"w":"儲","h":"TRỮ, TRỪ"},{"w":"惚","h":"HỐT"},{"w":"瞼","h":"KIỂM"},{"w":"挨","h":"AI, ẢI"},{"w":"拶","h":"TẠT"},{"w":"劫","h":"KIẾP"},{"w":"寿","h":"THỌ"},{"w":"已","h":"DĨ"},{"w":"丈","h":"TRƯỢNG"},{"w":"叉","h":"XOA"},{"w":"框","h":"KHUÔNG"},{"w":"蓋","h":"CÁI"},{"w":"勾","h":"CÂU"},{"w":"顎","h":"NGẠC"},{"w":"賎","h":""},{"w":"孝","h":"HIẾU"},{"w":"恰","h":"KHÁP"},{"w":"虔","h":"KIỀN"},{"w":"羇","h":"KI"},{"w":"羈","h":"KI"},{"w":"秤","h":"XỨNG"},{"w":"刳","h":"KHÔ"},{"w":"吊","h":"ĐIẾU"},{"w":"饅","h":"MAN"},{"w":"夭","h":"YÊU, YỂU"},{"w":"弛","h":"THỈ"},{"w":"砥","h":"CHỈ"},{"w":"嚢","h":"NANG"},{"w":"串","h":"XUYẾN, QUÁN"},{"w":"丼","h":""},{"w":"乎","h":"HỒ, HÔ"},{"w":"乞","h":"KHẤT, KHÍ"},{"w":"癌","h":"NHAM"},{"w":"咳","h":"KHÁI"},{"w":"桁","h":"HÀNH, HÀNG, HÃNG"},{"w":"股","h":"CỔ"},{"w":"螺","h":"LOA"},{"w":"云","h":"VÂN"},{"w":"幟","h":"XÍ"},{"w":"闇","h":"ÁM"},{"w":"堡","h":"BẢO"},{"w":"芒","h":"MANG"},{"w":"些","h":"TA, TÁ"},{"w":"鍍","h":"ĐỘ"},{"w":"骸","h":"HÀI"},{"w":"媾","h":"CẤU"},{"w":"阪","h":"PHẢN"},{"w":"孵","h":"PHU"},{"w":"噺","h":""},{"w":"攫","h":"QUẶC"},{"w":"斬","h":"TRẢM"},{"w":"蹂","h":"NHỰU, NHU"},{"w":"躙","h":""},{"w":"虱","h":"SẮT"},{"w":"仄","h":"TRẮC"},{"w":"噸","h":"ĐỐN"},{"w":"仔","h":"TỬ, TỂ"},{"w":"纏","h":"TRIỀN"},{"w":"侠","h":"HIỆP"},{"w":"舘","h":"QUÁN"},{"w":"播","h":"BÁ, BẢ"},{"w":"誦","h":"TỤNG"},{"w":"剌","h":"LẠT"},{"w":"侶","h":"LỮ"},{"w":"佃","h":"ĐIỀN"},{"w":"佇","h":"TRỮ"},{"w":"牌","h":"BÀI"},{"w":"佝","h":"CÂU"},{"w":"僂","h":"LŨ"},{"w":"佞","h":"NỊNH"},{"w":"姦","h":"GIAN"},{"w":"乍","h":"SẠ"},{"w":"侘","h":"SÁ"},{"w":"蔑","h":"MIỆT"},{"w":"箋","h":"TIÊN"},{"w":"俄","h":"NGA"},{"w":"俎","h":"TRỞ"},{"w":"俯","h":"PHỦ"},{"w":"俺","h":"YÊM"},{"w":"倦","h":"QUYỆN"},{"w":"偃","h":"YỂN"},{"w":"偕","h":"GIAI"},{"w":"偖","h":""},{"w":"偸","h":"DU"},{"w":"傀","h":"KHÔI"},{"w":"儡","h":"LỖI"},{"w":"傲","h":"NGẠO"},{"w":"遜","h":"TỐN"},{"w":"傴","h":"Ủ"},{"w":"痕","h":"NGÂN"},{"w":"僅","h":"CẬN"},{"w":"蜂","h":"PHONG"},{"w":"僵","h":"CƯƠNG"},{"w":"屍","h":"THI"},{"w":"僻","h":"TÍCH"},{"w":"儘","h":"TẪN"},{"w":"儚","h":"VŨ"},{"w":"儺","h":"NA"},{"w":"兀","h":"NGỘT"},{"w":"兇","h":"HUNG"},{"w":"脣","h":"THẦN"},{"w":"兔","h":"THỎ"},{"w":"冦","h":"KHẤU"},{"w":"唐","h":"ĐƯỜNG"},{"w":"寇","h":"KHẤU"},{"w":"洛","h":"LẠC"},{"w":"牢","h":"LAO"},{"w":"鋏","h":"KIỆP"},{"w":"卦","h":"QUÁI"},{"w":"瓏","h":"LUNG"},{"w":"娼","h":"XƯỚNG"},{"w":"其","h":"KÌ, KÍ, KI"},{"w":"蒙","h":"MÔNG"},{"w":"訌","h":"HỒNG"},{"w":"錐","h":"TRÙY"},{"w":"冤","h":"OAN"},{"w":"枉","h":"UỔNG"},{"w":"冥","h":"MINH"},{"w":"凄","h":"THÊ"},{"w":"凋","h":"ĐIÊU"},{"w":"悴","h":"TỤY"},{"w":"霄","h":"TIÊU"},{"w":"瘡","h":"SANG"},{"w":"餒","h":"NỖI"},{"w":"几","h":"KỈ"},{"w":"凧","h":"(DIỀU)"},{"w":"凭","h":"BẰNG, BẴNG"},{"w":"鱈","h":"TUYẾT"},{"w":"函","h":"HÀM"},{"w":"娩","h":"VÃN, MIỄN"},{"w":"帖","h":"THIẾP"},{"w":"痔","h":"TRĨ"},{"w":"蒐","h":"SƯU"},{"w":"詣","h":"NGHỆ"},{"w":"繍","h":""},{"w":"剔","h":"DỊCH"},{"w":"剥","h":"BÁC"},{"w":"箸","h":"TRỨ, TRỢ"},{"w":"剳","h":"TRÁP"},{"w":"剽","h":"PHIẾU, PHIỂU"},{"w":"斡","h":"OÁT, QUẢN"},{"w":"掠","h":"LƯỢC"},{"w":"勃","h":"BỘT"},{"w":"悸","h":"QUÝ"},{"w":"勿","h":"VẬT"},{"w":"釦","h":"KHẨU"},{"w":"匈","h":"HUNG"},{"w":"牙","h":"NHA"},{"w":"匐","h":"BẶC"},{"w":"疹","h":"CHẨN"},{"w":"匕","h":"CHỦY"},{"w":"粧","h":"TRANG"},{"w":"煉","h":"LUYỆN"},{"w":"瓦","h":"NGÕA"},{"w":"匙","h":"THI"},{"w":"匣","h":"HẠP"},{"w":"匪","h":"PHỈ"},{"w":"袖","h":"TỤ"},{"w":"諧","h":"HÀI"},{"w":"怯","h":"KHIẾP"},{"w":"猥","h":"ỔI"},{"w":"繻","h":"NHU"},{"w":"宋","h":null},{"w":"瓜","h":"QUA"},{"w":"惧","h":"CỤ"},{"w":"懼","h":"CỤ"},{"w":"註","h":"CHÚ"},{"w":"厨","h":"TRÙ"},{"w":"厭","h":"YẾM, ÁP, YÊM, ẤP"},{"w":"駁","h":"BÁC"},{"w":"叛","h":"BẠN"},{"w":"喧","h":"HUYÊN"},{"w":"嘩","h":"HOA"},{"w":"拭","h":"THỨC"},{"w":"腔","h":"KHANG, XOANG"},{"w":"廟","h":"MIẾU"},{"w":"叩","h":"KHẤU"},{"w":"叱","h":"SẤT"},{"w":"吃","h":"CẬT"},{"w":"鍵","h":"KIỆN"},{"w":"鴨","h":"ÁP"},{"w":"籠","h":"LUNG, LỘNG"},{"w":"柿","h":"THỊ"},{"w":"棲","h":"TÊ, THÊ"},{"w":"揆","h":"QUỸ"},{"w":"衾","h":"KHÂM"},{"w":"宛","h":"UYỂN, UYÊN"},{"w":"蹟","h":"TÍCH"},{"w":"瀉","h":"TẢ"},{"w":"吝","h":"LẬN"},{"w":"吠","h":"PHỆ"},{"w":"嗽","h":"THẤU"},{"w":"溜","h":"LỰU"},{"w":"呆","h":"NGỐC, NGAI, BẢO"},{"w":"呑","h":"THÔN"},{"w":"呟","h":"HUYỀN"},{"w":"呪","h":"CHÚ"},{"w":"詛","h":"TRỚ"},{"w":"苔","h":"ĐÀI"},{"w":"噌","h":"TẰNG"},{"w":"呵","h":"A"},{"w":"呻","h":"THÂN"},{"w":"咄","h":"ĐỐT, ĐOÁT"},{"w":"嗟","h":"TA"},{"w":"咎","h":"CỮU, CAO"},{"w":"咬","h":"GIẢO"},{"w":"咽","h":"YẾT, YẾN, Ế"},{"w":"喉","h":"HẦU"},{"w":"哭","h":"KHỐC"},{"w":"憫","h":"MẪN"},{"w":"哄","h":"HỐNG"},{"w":"哺","h":"BỘ"},{"w":"檜","h":"CỐI"},{"w":"黍","h":"THỬ"},{"w":"唖","h":"Á"},{"w":"唸","h":"NIỆM"},{"w":"唾","h":"THÓA"},{"w":"喀","h":"KHÁCH"},{"w":"嗄","h":"SÁ, HẠ, CHỚI"},{"w":"喘","h":"SUYỄN"},{"w":"嗅","h":"KHỨU"},{"w":"嘔","h":"ẨU"},{"w":"嘘","h":"HƯ"},{"w":"嘲","h":"TRÀO"},{"w":"弄","h":"LỘNG"},{"w":"罵","h":"MẠ"},{"w":"嘴","h":"CHỦY"},{"w":"嘸","h":"VÔ, MÔ"},{"w":"噂","h":"ĐỒN"},{"w":"嚏","h":"ĐẾ, SÍ"},{"w":"嚮","h":"HƯỞNG, HƯỚNG"},{"w":"囀","h":"CHUYỂN"},{"w":"囁","h":"CHIẾP"},{"w":"漕","h":"TÀO"},{"w":"椅","h":"Y, Ỷ"},{"w":"憊","h":"BẠI"},{"w":"璽","h":"TỈ"},{"w":"埃","h":"AI"},{"w":"壕","h":"HÀO"},{"w":"菩","h":"BỒ"},{"w":"薩","h":"TÁT"},{"w":"坐","h":"TỌA"},{"w":"坩","h":"KHAM"},{"w":"堝","h":"QUA"},{"w":"垢","h":"CẤU"},{"w":"埠","h":"PHỤ"},{"w":"堆","h":"ĐÔI"},{"w":"燈","h":"ĐĂNG"},{"w":"塞","h":"TẮC, TÁI"},{"w":"塵","h":"TRẦN"},{"w":"壜","h":"ĐÀM"},{"w":"壟","h":"LŨNG"},{"w":"卜","h":"BẶC, BỐC"},{"w":"淫","h":"DÂM"},{"w":"壷","h":"HỒ"},{"w":"貌","h":"MẠO, MỘC"},{"w":"套","h":"SÁO"},{"w":"夥","h":"KHỎA"},{"w":"慌","h":"HOẢNG"},{"w":"晦","h":"HỐI"},{"w":"蒜","h":"TOÁN"},{"w":"鋸","h":"CỨ"},{"w":"闢","h":"TỊCH"},{"w":"嶮","h":""},{"w":"狗","h":"CẨU"},{"w":"狼","h":"LANG"},{"w":"盃","h":"BÔI"},{"w":"爛","h":"LẠN"},{"w":"祇","h":"KÌ, CHI"},{"w":"稟","h":"BẨM, LẪM"},{"w":"竺","h":"TRÚC, ĐỐC"},{"w":"牡","h":"MẪU"},{"w":"鼠","h":"THỬ"},{"w":"覿","h":"ĐỊCH"},{"w":"譴","h":"KHIỂN"},{"w":"麩","h":"PHU"},{"w":"龍","h":"LONG, SỦNG"},{"w":"戚","h":"THÍCH"},{"w":"夷","h":"DI"},{"w":"夾","h":"GIÁP"},{"w":"奠","h":"ĐIỆN"},{"w":"奢","h":"XA"},{"w":"婢","h":"TÌ"},{"w":"奸","h":"GIAN"},{"w":"妖","h":"YÊU"},{"w":"妬","h":"ĐỐ"},{"w":"妾","h":"THIẾP"},{"w":"姑","h":"CÔ"},{"w":"姪","h":"ĐIỆT"},{"w":"鱒","h":"TỖN"},{"w":"娶","h":"THÚ"},{"w":"婉","h":"UYỂN"},{"w":"媚","h":"MỊ"},{"w":"曳","h":"DUỆ"},{"w":"嫉","h":"TẬT"},{"w":"嫋","h":"NIỆU"},{"w":"嬌","h":"KIỀU"},{"w":"騙","h":"PHIẾN"},{"w":"蛙","h":"OA"},{"w":"雀","h":"TƯỚC"},{"w":"孕","h":"DỰNG"},{"w":"孰","h":"THỤC"},{"w":"璧","h":"BÍCH"},{"w":"宦","h":"HOẠN"},{"w":"禽","h":"CẦM"},{"w":"寓","h":"NGỤ"},{"w":"淋","h":"LÂM"},{"w":"藁","h":"CẢO"},{"w":"實","h":"THẬT, THỰC"},{"w":"寵","h":"SỦNG"},{"w":"痺","h":"TÝ"},{"w":"糠","h":"KHANG"},{"w":"脇","h":"HIẾP"},{"w":"尖","h":"TIÊM"},{"w":"屏","h":"BÌNH, BÍNH"},{"w":"屡","h":"LŨ"},{"w":"梔","h":"CHI"},{"w":"屹","h":"NGẬT"},{"w":"岡","h":"CƯƠNG"},{"w":"窟","h":"QUẬT"},{"w":"嶼","h":"TỰ"},{"w":"崖","h":"NHAI"},{"w":"嵌","h":"KHẢM"},{"w":"獺","h":"THÁT"},{"w":"蝦","h":"HÀ"},{"w":"廠","h":"XƯỞNG, HÁN"},{"w":"枕","h":"CHẨM, CHẤM"},{"w":"幄","h":"ÁC"},{"w":"幌","h":"HOẢNG"},{"w":"坦","h":"THẢN"},{"w":"庇","h":"TÍ"},{"w":"庚","h":"CANH"},{"w":"毀","h":"HỦY"},{"w":"廏","h":"CỨU"},{"w":"廐","h":"CỨU"},{"w":"廻","h":"HỒI"},{"w":"廼","h":"NÃI"},{"w":"弗","h":"PHẤT"},{"w":"彎","h":"LOAN"},{"w":"彷","h":"BÀNG, PHẢNG"},{"w":"徨","h":"HOÀNG"},{"w":"此","h":"THỬ"},{"w":"禿","h":"NGỐC, THỐC"},{"w":"仇","h":"CỪU"},{"w":"讎","h":"THÙ"},{"w":"讐","h":"THÙ"},{"w":"徽","h":"HUY"},{"w":"惹","h":"NHẠ"},{"w":"忽","h":"HỐT"},{"w":"膵","h":"TỤY"},{"w":"遽","h":"CỰ"},{"w":"怨","h":"OÁN"},{"w":"晒","h":"SÁI"},{"w":"恬","h":"ĐIỀM"},{"w":"悉","h":null},{"w":"悍","h":"HÃN"},{"w":"巷","h":"HẠNG"},{"w":"辣","h":"LẠT"},{"w":"愴","h":"SẢNG"},{"w":"愈","h":"DŨ"},{"w":"昧","h":"MUỘI"},{"w":"撫","h":"PHỦ, MÔ"},{"w":"玩","h":"NGOẠN"},{"w":"餐","h":"XAN"},{"w":"歎","h":"THÁN"},{"w":"慷","h":"KHẢNG"},{"w":"鬱","h":"ÚC, UẤT"},{"w":"懈","h":"GIẢI"},{"w":"懺","h":"SÁM"},{"w":"戊","h":"MẬU"},{"w":"或","h":"HOẶC"},{"w":"戴","h":"ĐÁI"},{"w":"謂","h":"VỊ"},{"w":"扁","h":"BIỂN, THIÊN"},{"w":"臼","h":"CỮU"},{"w":"摺","h":"TRIỆP, LẠP"},{"w":"鞄","h":"BẠC, BÀO"},{"w":"斧","h":"PHỦ"},{"w":"枷","h":"GIA"},{"w":"桶","h":"DŨNG"},{"w":"榴","h":"LƯU, LỰU"},{"w":"箒","h":"TRỬU, CHỬU"},{"w":"鉤","h":"CÂU"},{"w":"隙","h":"KHÍCH"},{"w":"頸","h":"CẢNH"},{"w":"扣","h":"KHẤU"},{"w":"抒","h":"TRỮ"},{"w":"抓","h":"TRẢO, TRAO"},{"w":"槍","h":"THƯƠNG, SANH"},{"w":"錨","h":"MIÊU"},{"w":"擢","h":"TRẠC"},{"w":"拱","h":"CỦNG"},{"w":"拵","h":""},{"w":"按","h":"ÁN"},{"w":"挫","h":"TỎA"},{"w":"挺","h":"ĐĨNH"},{"w":"挾","h":"HIỆP, TIỆP"},{"w":"捉","h":"TRÓC"},{"w":"捏","h":"NIẾT"},{"w":"拿","h":"NÃ"},{"w":"捗","h":"DUỆ"},{"w":"捧","h":"PHỦNG"},{"w":"捩","h":"LIỆT, LỆ"},{"w":"捲","h":"QUYỂN, QUYỀN"},{"w":"桔","h":"KẾT"},{"w":"梗","h":"NGẠNH"},{"w":"蕩","h":"ĐÃNG, ĐẢNG"},{"w":"掏","h":"ĐÀO"},{"w":"摸","h":"MẠC, MÔ"},{"w":"泄","h":"TIẾT, DUỆ"},{"w":"掟","h":""},{"w":"吻","h":"VẪN"},{"w":"敲","h":"XAO"},{"w":"掬","h":"CÚC"},{"w":"掴","h":"QUẶC, QUÁCH"},{"w":"掻","h":"TAO"},{"w":"揃","h":"TIỄN"},{"w":"揉","h":"NHU, NHỤ"},{"w":"鮨","h":""},{"w":"揶","h":"GIA"},{"w":"揄","h":"DU"},{"w":"篭","h":""},{"w":"搗","h":"ĐẢO"},{"w":"芯","h":"TÂM"},{"w":"撚","h":"NIÊN, NIỄN, NHIÊN"},{"w":"擯","h":"BẤN, THẤN"},{"w":"擲","h":"TRỊCH"},{"w":"擽","h":""},{"w":"攣","h":"LUYÊN, LUYẾN"},{"w":"悛","h":"THUÂN"},{"w":"屁","h":"THÍ"},{"w":"煌","h":"HOÀNG"},{"w":"頓","h":"ĐỐN"},{"w":"愾","h":"HI, KHÁI, KHẢI, HẤT"},{"w":"斑","h":"BAN"},{"w":"旁","h":"BÀNG, BẠNG, BANH, PHANG"},{"w":"韓","h":"HÀN"},{"w":"傭","h":"DONG"},{"w":"葡","h":"BỒ"},{"w":"旱","h":"HẠN"},{"w":"魃","h":"BẠT"},{"w":"礬","h":"PHÀN"},{"w":"昏","h":"HÔN"},{"w":"潰","h":"HỘI"},{"w":"暈","h":"VỰNG"},{"w":"簾","h":"LIÊM"},{"w":"曖","h":"ÁI"},{"w":"曝","h":"BỘC"},{"w":"曽","h":"TẰNG"},{"w":"曾","h":"TẰNG"},{"w":"稽","h":"KÊ, KHỂ"},{"w":"靄","h":"ÁI"},{"w":"餉","h":"HƯỚNG"},{"w":"樽","h":"TÔN"},{"w":"叢","h":"TÙNG"},{"w":"槌","h":"CHÙY"},{"w":"苺","h":"MÔI"},{"w":"杖","h":"TRƯỢNG, TRÁNG"},{"w":"撰","h":"SOẠN, TUYỂN, CHUYỂN"},{"w":"杞","h":"KỈ"},{"w":"杭","h":"HÀNG"},{"w":"亞","h":"Á"},{"w":"杵","h":"XỬ"},{"w":"枇","h":"TÌ"},{"w":"杷","h":"BA, BÀ"},{"w":"檎","h":"CẦM"},{"w":"枸","h":"CẨU, CỦ"},{"w":"櫞","h":"DUYÊN"},{"w":"柩","h":"CỮU"},{"w":"柵","h":"SÁCH"},{"w":"栴","h":"CHIÊN"},{"w":"柢","h":"ĐỂ, ĐẾ"},{"w":"桧","h":"CỐI"},{"w":"桿","h":"CAN"},{"w":"梃","h":"ĐĨNH"},{"w":"梟","h":"KIÊU"},{"w":"礫","h":"LỊCH"},{"w":"梯","h":"THÊ"},{"w":"梱","h":"KHỔN, KHỐN, NGÔN"},{"w":"棍","h":"CÔN"},{"w":"棕","h":"TÔNG"},{"w":"櫚","h":"LƯ"},{"w":"棗","h":"TẢO, TÁO"},{"w":"棘","h":"CỨC"},{"w":"椀","h":"OẢN"},{"w":"痰","h":"ĐÀM"},{"w":"椴","h":""},{"w":"楔","h":"TIẾT"},{"w":"楕","h":""},{"w":"楯","h":"THUẪN"},{"w":"楷","h":"GIAI, KHẢI"},{"w":"樋","h":""},{"w":"樫","h":""},{"w":"橈","h":"NẠO, NHIÊU"},{"w":"橙","h":"CHANH, ĐẮNG"},{"w":"檄","h":"HỊCH"},{"w":"檻","h":"HẠM"},{"w":"櫂","h":"TRẠO, TRẠC"},{"w":"櫛","h":"TRẤT"},{"w":"櫻","h":"ANH"},{"w":"歔","h":"HƯ"},{"w":"欷","h":"HI"},{"w":"歪","h":"OAI, OA"},{"w":"痒","h":"DƯƠNG, DƯỠNG, DẠNG"},{"w":"殆","h":"ĐÃI"},{"w":"殲","h":"TIÊM"},{"w":"喩","h":"DỤ"},{"w":"脛","h":"HĨNH"},{"w":"奄","h":"YỂM, YÊM"},{"w":"焔","h":"DIỄM"},{"w":"汲","h":"CẤP"},{"w":"疱","h":"PHÁO"},{"w":"氾","h":"PHIẾM"},{"w":"汎","h":"PHIẾM"},{"w":"沃","h":"ỐC"},{"w":"渣","h":"TRA"},{"w":"澱","h":"ĐIẾN"},{"w":"炒","h":"SAO"},{"w":"粕","h":"PHÁCH"},{"w":"蜜","h":"MẬT"},{"w":"濘","h":"NÍNH"},{"w":"箪","h":"ĐAN"},{"w":"笥","h":"TỨ"},{"w":"葱","h":"THÔNG"},{"w":"蜊","h":"LỊ"},{"w":"浣","h":"HOÁN, CÁN"},{"w":"淵","h":"UYÊN"},{"w":"驢","h":"LƯ"},{"w":"涅","h":"NIẾT"},{"w":"槃","h":"BÀN"},{"w":"涎","h":"TIÊN, DIỆN, DUYÊN"},{"w":"涜","h":""},{"w":"淘","h":"ĐÀO"},{"w":"沌","h":"ĐỘN"},{"w":"渾","h":"HỒN"},{"w":"溌","h":""},{"w":"溢","h":"DẬT"},{"w":"鏝","h":"MAN"},{"w":"溺","h":"NỊCH, NIỆU"},{"w":"滲","h":"SẤM"},{"w":"漣","h":"LIÊN"},{"w":"潅","h":""},{"w":"瑕","h":"HÀ"},{"w":"疵","h":"TÌ"},{"w":"瘍","h":"DƯƠNG"},{"w":"濠","h":"HÀO"},{"w":"粟","h":"TÚC"},{"w":"灌","h":"QUÁN"},{"w":"漑","h":"CÁI, KHÁI"},{"w":"櫓","h":"LỖ"},{"w":"燵","h":""},{"w":"箭","h":"TIẾN, TIỄN"},{"w":"蜥","h":"TÍCH"},{"w":"蜴","h":"DỊCH"},{"w":"燼","h":"TẪN"},{"w":"炬","h":"CỰ"},{"w":"炸","h":"TẠC"},{"w":"烏","h":"Ô"},{"w":"焚","h":"PHẦN, PHẪN"},{"w":"焜","h":"HỖN, CÔN"},{"w":"閾","h":"QUẮC, VỰC"},{"w":"酎","h":"TRỮU"},{"w":"煤","h":"MÔI"},{"w":"煥","h":"HOÁN"},{"w":"悶","h":"MUỘN"},{"w":"瑣","h":"TỎA"},{"w":"煽","h":"PHIẾN"},{"w":"熏","h":"HUÂN"},{"w":"熔","h":"DONG"},{"w":"熨","h":"UẤT, ÚY"},{"w":"燐","h":"LÂN"},{"w":"燕","h":"YẾN, YÊN"},{"w":"燗","h":""},{"w":"燭","h":"CHÚC"},{"w":"燻","h":"HUÂN"},{"w":"爪","h":"TRẢO"},{"w":"爬","h":"BA"},{"w":"糞","h":"PHẨN"},{"w":"蒡","h":"BẢNG"},{"w":"牝","h":"TẪN, BẪN"},{"w":"鷄","h":"KÊ"},{"w":"蠣","h":"LỆ"},{"w":"輯","h":"TẬP"},{"w":"牽","h":"KHIÊN, KHẢN"},{"w":"犇","h":"BÔN"},{"w":"狐","h":"HỒ"},{"w":"狸","h":"LI"},{"w":"饂","h":""},{"w":"飩","h":"ĐỒN"},{"w":"狒","h":"PHÍ"},{"w":"狙","h":"THƯ"},{"w":"狡","h":"GIẢO"},{"w":"猾","h":"HOẠT"},{"w":"狽","h":"BÁI"},{"w":"褻","h":"TIẾT"},{"w":"猩","h":"TINH"},{"w":"饌","h":"SOẠN"},{"w":"獅","h":"SƯ"},{"w":"獏","h":""},{"w":"獰","h":"NANH"},{"w":"蜀","h":"THỤC"},{"w":"玻","h":"PHA"},{"w":"珊","h":"SAN"},{"w":"琥","h":"HỔ"},{"w":"珀","h":"PHÁCH"},{"w":"琵","h":"TÌ"},{"w":"琶","h":"BÀ"},{"w":"琺","h":"PHÁP"},{"w":"瑯","h":null},{"w":"瑪","h":"MÃ"},{"w":"瑙","h":"NÃO"},{"w":"瓢","h":"BIỀU"},{"w":"葺","h":"TẬP"},{"w":"甜","h":"ĐIỀM"},{"w":"姜","h":"KHƯƠNG"},{"w":"茹","h":"NHƯ, NHỰ"},{"w":"齧","h":"NIẾT, KHIẾT"},{"w":"甥","h":"SANH"},{"w":"甦","h":"TÔ"},{"w":"圃","h":null},{"w":"冑","h":"TRỤ"},{"w":"畏","h":"ÚY"},{"w":"畢","h":"TẤT"},{"w":"竟","h":"CÁNH"},{"w":"疣","h":"VƯU"},{"w":"疥","h":"GIỚI"},{"w":"癬","h":"TIỂN"},{"w":"癘","h":"LỆ"},{"w":"疼","h":"ĐÔNG"},{"w":"臥","h":"NGỌA"},{"w":"痙","h":"KINH"},{"w":"痣","h":"CHÍ"},{"w":"痩","h":"SẤU"},{"w":"瘋","h":"PHONG"},{"w":"癲","h":"ĐIÊN"},{"w":"瘤","h":"LỰU"},{"w":"癇","h":""},{"w":"癪","h":""},{"w":"癈","h":""},{"w":"癩","h":"LẠI"},{"w":"癸","h":"QUÝ"},{"w":"蝋","h":""},{"w":"皸","h":"QUÂN"},{"w":"皹","h":""},{"w":"皺","h":"TRỨU"},{"w":"哨","h":"TIẾU, TIÊU, SÁO"},{"w":"盥","h":"QUÁN"},{"w":"盪","h":"ĐÃNG"},{"w":"眩","h":"HUYỄN"},{"w":"鎚","h":"CHÙY"},{"w":"眇","h":"MIỄU"},{"w":"窩","h":"OA"},{"w":"睨","h":"NGHỄ"},{"w":"睫","h":"TIỆP"},{"w":"瞑","h":"MINH, MIỄN"},{"w":"矍","h":"QUẮC"},{"w":"鑠","h":"THƯỚC"},{"w":"矜","h":"CĂNG"},{"w":"矮","h":"ẢI, NỤY"},{"w":"膏","h":"CAO, CÁO"},{"w":"蓴","h":"THUẦN"},{"w":"鹸","h":""},{"w":"砒","h":"TÌ"},{"w":"穿","h":"XUYÊN"},{"w":"砦","h":"TRẠI"},{"w":"綻","h":"TRÁN"},{"w":"硅","h":""},{"w":"貼","h":"THIẾP"},{"w":"硼","h":"BẰNG"},{"w":"碇","h":"ĐĨNH"},{"w":"碌","h":"LỤC"},{"w":"磔","h":"TRÁCH, TRÍCH"},{"w":"礦","h":"QUÁNG, KHOÁNG"},{"w":"祷","h":"ĐẢO"},{"w":"訣","h":"QUYẾT"},{"w":"讃","h":""},{"w":"稍","h":"SẢO, SAO"},{"w":"稠","h":"TRÙ"},{"w":"穢","h":"UẾ"},{"w":"窪","h":"OA"},{"w":"窶","h":"CŨ, LŨ"},{"w":"竈","h":"TÁO"},{"w":"竪","h":"THỤ"},{"w":"笊","h":"TRÁO"},{"w":"筈","h":""},{"w":"筍","h":"DUẨN, TẤN"},{"w":"筮","h":"THỆ, PHỆ"},{"w":"筺","h":""},{"w":"簪","h":"TRÂM"},{"w":"籐","h":"ĐẰNG"},{"w":"籾","h":"(GẠO)"},{"w":"糊","h":"HỒ"},{"w":"蝿","h":""},{"w":"糺","h":"CỦ"},{"w":"紊","h":"VẶN"},{"w":"紐","h":"NỮU"},{"w":"絨","h":"NHUNG"},{"w":"毯","h":"THẢM"},{"w":"緞","h":"ĐOẠN"},{"w":"疇","h":"TRÙ"},{"w":"綢","h":"TRÙ, THAO"},{"w":"綴","h":"CHUẾ, CHUYẾT, XUYẾT"},{"w":"綽","h":"XƯỚC"},{"w":"緘","h":"GIAM"},{"w":"縊","h":"ẢI"},{"w":"縋","h":"TRÚY"},{"w":"縞","h":"CẢO"},{"w":"緬","h":"MIỄN, DIẾN"},{"w":"縺","h":""},{"w":"繃","h":"BANH, BĂNG"},{"w":"繋","h":"HỆ"},{"w":"繩","h":"THẰNG"},{"w":"罅","h":"HÁ"},{"w":"罌","h":"ANH"},{"w":"罠","h":""},{"w":"罹","h":"LI, DUY"},{"w":"妓","h":"KĨ"},{"w":"羨","h":"TIỆN, TIỂN"},{"w":"捐","h":"QUYÊN"},{"w":"蟻","h":"NGHĨ"},{"w":"翡","h":"PHỈ"},{"w":"翳","h":"Ế"},{"w":"耽","h":"ĐAM"},{"w":"聊","h":"LIÊU"},{"w":"聳","h":"TỦNG"},{"w":"聾","h":"LUNG"},{"w":"庖","h":"BÀO"},{"w":"肋","h":"LẶC"},{"w":"肘","h":"TRỬU"},{"w":"肚","h":"ĐỖ"},{"w":"肛","h":"GIANG, KHANG, XOANG"},{"w":"胛","h":"GIÁP"},{"w":"胚","h":"PHÔI"},{"w":"椒","h":"TIÊU"},{"w":"擂","h":"LÔI, LỤY"},{"w":"辯","h":"BIỆN"},{"w":"脆","h":"THÚY"},{"w":"脊","h":"TÍCH"},{"w":"裡","h":"LÍ"},{"w":"脾","h":"TÌ"},{"w":"腋","h":"DỊCH"},{"w":"腎","h":"THẬN"},{"w":"腓","h":"PHÌ"},{"w":"鞘","h":"SAO"},{"w":"腿","h":"THỐI"},{"w":"膀","h":"BÀNG"},{"w":"胱","h":"QUANG"},{"w":"膝","h":"TẤT"},{"w":"膠","h":"GIAO"},{"w":"膣","h":""},{"w":"膿","h":"NÙNG"},{"w":"臀","h":"ĐỒN"},{"w":"臆","h":"ỨC"},{"w":"舅","h":"CỮU"},{"w":"舵","h":"ĐÀ"},{"w":"舷","h":"HUYỀN"},{"w":"艀","h":""},{"w":"艙","h":"THƯƠNG"},{"w":"艪","h":""},{"w":"艱","h":"GIAN"},{"w":"褪","h":"THỐN"},{"w":"芍","h":"THƯỢC"},{"w":"芥","h":"GIỚI"},{"w":"崗","h":"CƯƠNG"},{"w":"裔","h":"DUỆ"},{"w":"苛","h":"HÀ"},{"w":"茣","h":""},{"w":"蓙","h":""},{"w":"茸","h":"NHUNG, NHŨNG"},{"w":"莚","h":""},{"w":"莫","h":"MẠC, MỘ, MẠCH, BÁ"},{"w":"菅","h":"GIAN"},{"w":"蒲","h":"BỒ"},{"w":"菠","h":"BA"},{"w":"薐","h":"LĂNG"},{"w":"僑","h":"KIỀU"},{"w":"萎","h":"NUY"},{"w":"萄","h":"ĐÀO"},{"w":"蒿","h":"HAO"},{"w":"蔓","h":"MẠN"},{"w":"蔬","h":"SƠ"},{"w":"蕎","h":"KIỀU"},{"w":"蕾","h":"LÔI"},{"w":"薇","h":"VI"},{"w":"薊","h":"KẾ"},{"w":"薔","h":"SẮC, TƯỜNG"},{"w":"薙","h":"THẾ, TRĨ"},{"w":"薮","h":"TẨU"},{"w":"藜","h":"LÊ"},{"w":"蘂","h":"NHỊ"},{"w":"蘆","h":"LÔ"},{"w":"蘚","h":"TIỂN"},{"w":"虻","h":""},{"w":"蚋","h":"NHUẾ"},{"w":"蚤","h":"TẢO"},{"w":"蚯","h":"KHÂU"},{"w":"蚓","h":"DẪN"},{"w":"蚰","h":"DU"},{"w":"蜒","h":"DIÊN"},{"w":"蛆","h":"THƯ"},{"w":"蛋","h":"ĐẢN"},{"w":"蛔","h":"HỒI"},{"w":"蛞","h":"KHOÁT"},{"w":"蝓","h":"DU"},{"w":"蛤","h":"CÁP"},{"w":"蛭","h":"ĐIỆT"},{"w":"蛯","h":""},{"w":"蛸","h":"SAO"},{"w":"蛾","h":"NGA, NGHĨ"},{"w":"蜘","h":"TRI"},{"w":"蛛","h":"CHU, THÙ"},{"w":"柑","h":"CAM"},{"w":"蜻","h":"TINH"},{"w":"蛉","h":"LINH"},{"w":"蜿","h":"UYỂN"},{"w":"蝎","h":"HẠT, HIẾT"},{"w":"蝗","h":"HOÀNG"},{"w":"蝙","h":"BIÊN, BIỂN"},{"w":"蝠","h":"BỨC"},{"w":"蝟","h":"VỊ"},{"w":"鮫","h":"GIAO"},{"w":"蝸","h":"OA"},{"w":"螢","h":null},{"w":"蟆","h":"MÔ"},{"w":"蟇","h":""},{"w":"蟯","h":"NHIÊU"},{"w":"蟷","h":""},{"w":"螂","h":"LANG"},{"w":"蠍","h":"HIẾT"},{"w":"蠱","h":"CỔ"},{"w":"衒","h":"HUYỄN"},{"w":"衢","h":"CÙ"},{"w":"袂","h":"MỆ, DUỆ"},{"w":"袴","h":"KHỐ"},{"w":"襖","h":"ÁO"},{"w":"襤","h":"LAM"},{"w":"褸","h":"LŨ"},{"w":"窄","h":"TRÁCH"},{"w":"覗","h":""},{"w":"醒","h":"TỈNH"},{"w":"觝","h":"ĐỂ"},{"w":"訃","h":"PHÓ"},{"w":"訛","h":"NGOA"},{"w":"詫","h":"SÁ"},{"w":"詭","h":"QUỶ"},{"w":"詮","h":"THUYÊN"},{"w":"誂","h":""},{"w":"彙","h":"VỊ, VỰNG, HỐI"},{"w":"誣","h":"VU"},{"w":"謬","h":"MẬU"},{"w":"誰","h":"THÙY"},{"w":"誹","h":"PHỈ"},{"w":"謗","h":"BÁNG"},{"w":"諌","h":""},{"w":"諜","h":"ĐIỆP"},{"w":"諦","h":"ĐẾ, ĐỀ"},{"w":"諫","h":"GIÁN"},{"w":"諷","h":"PHÚNG"},{"w":"諺","h":"NGẠN"},{"w":"謎","h":"MÊ"},{"w":"謳","h":"ÂU"},{"w":"譬","h":"THÍ"},{"w":"謨","h":"MÔ"},{"w":"豌","h":"OẢN"},{"w":"豐","h":"PHONG"},{"w":"躪","h":"LẬN"},{"w":"貪","h":"THAM"},{"w":"婪","h":"LAM"},{"w":"貰","h":"THẾ"},{"w":"貶","h":"BIẾM"},{"w":"賂","h":"LỘ"},{"w":"賑","h":"CHẨN"},{"w":"賭","h":"ĐỔ"},{"w":"贅","h":"CHUẾ"},{"w":"贋","h":"NHẠN"},{"w":"贓","h":"TANG"},{"w":"贔","h":"BÍ"},{"w":"屓","h":""},{"w":"蕪","h":"VU"},{"w":"錆","h":""},{"w":"鰯","h":""},{"w":"赫","h":"HÁCH"},{"w":"趨","h":"XU, XÚC"},{"w":"搦","h":"NẠCH, NHƯỢC"},{"w":"跋","h":"BẠT"},{"w":"跣","h":"TIỂN"},{"w":"跨","h":"KHÓA"},{"w":"跪","h":"QUỴ"},{"w":"踝","h":"HÕA, KHỎA"},{"w":"踵","h":"CHỦNG"},{"w":"蹄","h":"ĐỀ"},{"w":"蹌","h":"THƯƠNG"},{"w":"踉","h":"LƯƠNG"},{"w":"蹲","h":"TỒN, TỖN"},{"w":"踞","h":"CỨ"},{"w":"蹴","h":"XÚC"},{"w":"躊","h":"TRÙ"},{"w":"躇","h":"TRỪ"},{"w":"躑","h":"TRỊCH"},{"w":"躅","h":"TRỤC"},{"w":"躓","h":"CHÍ"},{"w":"躾","h":""},{"w":"軈","h":""},{"w":"輌","h":""},{"w":"轍","h":"TRIỆT"},{"w":"轢","h":"LỊCH"},{"w":"辜","h":"CÔ"},{"w":"纂","h":"TOẢN"},{"w":"辻","h":"TỬ"},{"w":"褄","h":""},{"w":"辿","h":""},{"w":"迂","h":"VU"},{"w":"迚","h":""},{"w":"逕","h":"KÍNH"},{"w":"逗","h":"ĐẬU"},{"w":"這","h":"GIÁ, NGHIỆN"},{"w":"牒","h":"ĐIỆP"},{"w":"逞","h":"SÍNH"},{"w":"逢","h":"PHÙNG, BỒNG"},{"w":"遁","h":"ĐỘN, TUẦN"},{"w":"遡","h":"TỐ"},{"w":"邯","h":"HÀM"},{"w":"鄲","h":"ĐAN"},{"w":"鄙","h":"BỈ"},{"w":"肴","h":"HÀO"},{"w":"醗","h":""},{"w":"醤","h":""},{"w":"灸","h":"CỨU"},{"w":"鈎","h":"CÂU"},{"w":"兜","h":"ĐÂU"},{"w":"鉋","h":"BÀO"},{"w":"鉗","h":"KIỀM"},{"w":"鉞","h":"VIỆT"},{"w":"滓","h":"CHỈ"},{"w":"鑼","h":"LA"},{"w":"銚","h":"DIÊU, ĐIỆU, ĐIỀU"},{"w":"銜","h":"HÀM"},{"w":"鋒","h":"PHONG"},{"w":"鋩","h":"MANG"},{"w":"錫","h":"TÍCH"},{"w":"鍼","h":"CHÂM"},{"w":"鍾","h":"CHUNG"},{"w":"鎧","h":"KHẢI"},{"w":"閂","h":"SOAN"},{"w":"閃","h":"THIỂM"},{"w":"閏","h":"NHUẬN"},{"w":"閨","h":"KHUÊ"},{"w":"闖","h":"SẤM"},{"w":"隈","h":"ÔI"},{"w":"隕","h":"VẪN, VIÊN"},{"w":"隘","h":"ẢI"},{"w":"蔽","h":"TẾ, PHẤT"},{"w":"雉","h":"TRĨ"},{"w":"雫","h":""},{"w":"雹","h":"BẠC"},{"w":"霙","h":"ANH"},{"w":"萍","h":"BÌNH"},{"w":"鷺","h":"LỘ"},{"w":"黴","h":"MI, VI"},{"w":"靡","h":"MĨ, MI"},{"w":"皰","h":"PHÁO"},{"w":"靨","h":"YẾP"},{"w":"鞭","h":"TIÊN"},{"w":"鞍","h":"AN, YÊN"},{"w":"鞦","h":"THU"},{"w":"韆","h":"THIÊN"},{"w":"韜","h":"THAO"},{"w":"韮","h":"PHỈ"},{"w":"頬","h":"GIÁP"},{"w":"頷","h":"HẠM"},{"w":"顆","h":"KHỎA"},{"w":"鬚","h":"TU"},{"w":"颶","h":"CỤ"},{"w":"沫","h":"MẠT"},{"w":"餌","h":"NHỊ"},{"w":"饉","h":"CẬN"},{"w":"盒","h":"HẠP"},{"w":"餃","h":"GIÁO"},{"w":"餡","h":"HÃM"},{"w":"饑","h":"CƠ, KI"},{"w":"饗","h":"HƯỞNG"},{"w":"薯","h":"THỰ"},{"w":"駱","h":"LẠC"},{"w":"駝","h":"ĐÀ"},{"w":"駻","h":""},{"w":"驕","h":"KIÊU"},{"w":"恣","h":"TỨ, THƯ"},{"w":"肆","h":"TỨ, THÍCH"},{"w":"鬘","h":"MAN"},{"w":"魄","h":"PHÁCH, THÁC, BẠC"},{"w":"鮃","h":""},{"w":"鮑","h":"BẢO"},{"w":"鮪","h":"VỊ"},{"w":"鮭","h":"KHUÊ, HÀI"},{"w":"鯏","h":""},{"w":"鯖","h":"CHINH, THINH"},{"w":"鯰","h":"NIÊM"},{"w":"鯵","h":""},{"w":"鰈","h":"ĐIỆP"},{"w":"鰉","h":"HOÀNG"},{"w":"鰊","h":""},{"w":"鰌","h":"THU"},{"w":"鰐","h":"NGẠC"},{"w":"鰓","h":"TAI"},{"w":"鰕","h":"HÀ"},{"w":"鰥","h":"QUAN"},{"w":"鰹","h":""},{"w":"鰺","h":""},{"w":"鰻","h":"MAN"},{"w":"鱗","h":"LÂN"},{"w":"鱚","h":""},{"w":"鱶","h":""},{"w":"瞰","h":"KHÁM"},{"w":"凰","h":"HOÀNG"},{"w":"鳶","h":"DIÊN"},{"w":"鴛","h":"UYÊN"},{"w":"鴦","h":"ƯƠNG"},{"w":"鵜","h":"ĐỀ"},{"w":"鵞","h":""},{"w":"鶯","h":"OANH"},{"w":"鷲","h":"THỨU"},{"w":"鹹","h":"HÀM, GIẢM"},{"w":"麒","h":"KÌ"},{"w":"麓","h":"LỘC"},{"w":"麹","h":""},{"w":"絲","h":"TI"},{"w":"疸","h":"ĐẢN"},{"w":"貂","h":"ĐIÊU"},{"w":"黶","h":"YỂM"},{"w":"黽","h":"MÃNH, MẪN"},{"w":"鼈","h":"MIẾT"},{"w":"鼎","h":"ĐỈNH"},{"w":"梁","h":"LƯƠNG"},{"w":"鼾","h":"HÃN, HAN"},{"w":"齎","h":"TÊ"}]